Iteration, Key Generation Time seconds, Shared Secret Time seconds, AES Encryption Time seconds, Key Generation Time seconds, Shared Secret Time seconds, AES Decryption Time seconds
1,0.003465,0.010818,0.000199,0.003465,0.010818,0.000098
2,0.002838,0.010329,0.000057,0.002838,0.010329,0.000034
3,0.002839,0.009756,0.000112,0.002839,0.009756,0.000024
4,0.002706,0.009765,0.000060,0.002706,0.009765,0.000024
5,0.002757,0.010005,0.000052,0.002757,0.010005,0.000024
6,0.002692,0.009749,0.000050,0.002692,0.009749,0.000023
7,0.002668,0.009668,0.000050,0.002668,0.009668,0.000024
8,0.002713,0.009517,0.000050,0.002713,0.009517,0.000023
9,0.002694,0.009418,0.000053,0.002694,0.009418,0.000025
10,0.002682,0.009222,0.000049,0.002682,0.009222,0.000025
11,0.002760,0.009477,0.000060,0.002760,0.009477,0.000027
12,0.002762,0.009696,0.000051,0.002762,0.009696,0.000027
13,0.002778,0.009695,0.000050,0.002778,0.009695,0.000023
14,0.002854,0.009714,0.000053,0.002854,0.009714,0.000026
15,0.002824,0.009579,0.000060,0.002824,0.009579,0.000023
16,0.002951,0.009772,0.000047,0.002951,0.009772,0.000023
17,0.002959,0.009829,0.000063,0.002959,0.009829,0.000027
18,0.003053,0.010369,0.000049,0.003053,0.010369,0.000025
19,0.003150,0.010296,0.000053,0.003150,0.010296,0.000025
20,0.020611,0.014483,0.000050,0.020611,0.014483,0.000025
21,0.002872,0.009557,0.000070,0.002872,0.009557,0.000024
22,0.002864,0.009764,0.000048,0.002864,0.009764,0.000023
23,0.003011,0.009750,0.000058,0.003011,0.009750,0.000023
24,0.003020,0.010157,0.000061,0.003020,0.010157,0.000025
25,0.003186,0.010503,0.000050,0.003186,0.010503,0.000025
26,0.003057,0.010024,0.000047,0.003057,0.010024,0.000025
27,0.003019,0.009830,0.000050,0.003019,0.009830,0.000025
28,0.003111,0.009763,0.000067,0.003111,0.009763,0.000026
29,0.002993,0.010222,0.000056,0.002993,0.010222,0.000025
30,0.003013,0.010190,0.000052,0.003013,0.010190,0.000026
31,0.003201,0.010846,0.000060,0.003201,0.010846,0.000031
32,0.003457,0.011500,0.000059,0.003457,0.011500,0.000027
33,0.003592,0.011798,0.000059,0.003592,0.011798,0.000025
34,0.003577,0.011682,0.000060,0.003577,0.011682,0.000028
35,0.003324,0.011115,0.000057,0.003324,0.011115,0.000027
36,0.003428,0.011185,0.000051,0.003428,0.011185,0.000025
37,0.003262,0.010978,0.000050,0.003262,0.010978,0.000025
38,0.003308,0.010689,0.000056,0.003308,0.010689,0.000026
39,0.003126,0.010702,0.000061,0.003126,0.010702,0.000026
40,0.003156,0.010527,0.000050,0.003156,0.010527,0.000026
41,0.003257,0.032407,0.000050,0.003257,0.032407,0.000026
42,0.002870,0.009337,0.000046,0.002870,0.009337,0.000025
43,0.002877,0.009326,0.000048,0.002877,0.009326,0.000022
44,0.003081,0.009598,0.000050,0.003081,0.009598,0.000026
45,0.003075,0.010145,0.000054,0.003075,0.010145,0.000026
46,0.003259,0.010265,0.000051,0.003259,0.010265,0.000027
47,0.003012,0.010188,0.000049,0.003012,0.010188,0.000024
48,0.003170,0.010203,0.000060,0.003170,0.010203,0.000026
49,0.003246,0.010629,0.000050,0.003246,0.010629,0.000024
50,0.003154,0.010492,0.000052,0.003154,0.010492,0.000026
51,0.003205,0.010695,0.000051,0.003205,0.010695,0.000025
52,0.003186,0.010284,0.000048,0.003186,0.010284,0.000025
53,0.003043,0.010334,0.000053,0.003043,0.010334,0.000025
54,0.003091,0.010235,0.000080,0.003091,0.010235,0.000027
55,0.003133,0.010503,0.000057,0.003133,0.010503,0.000026
56,0.003098,0.010571,0.000051,0.003098,0.010571,0.000027
57,0.003237,0.010799,0.000053,0.003237,0.010799,0.000027
58,0.003142,0.011263,0.000055,0.003142,0.011263,0.000025
59,0.003305,0.010560,0.000054,0.003305,0.010560,0.000028
60,0.003303,0.010320,0.000051,0.003303,0.010320,0.000028
61,0.003124,0.010200,0.000047,0.003124,0.010200,0.000026
62,0.003023,0.010310,0.000047,0.003023,0.010310,0.000025
63,0.003203,0.010485,0.000062,0.003203,0.010485,0.000027
64,0.002765,0.009519,0.000052,0.002765,0.009519,0.000024
65,0.002929,0.009820,0.000048,0.002929,0.009820,0.000028
66,0.006613,0.027183,0.000051,0.006613,0.027183,0.000025
67,0.002929,0.009651,0.000047,0.002929,0.009651,0.000027
68,0.002915,0.009662,0.000058,0.002915,0.009662,0.000024
69,0.002877,0.009758,0.000049,0.002877,0.009758,0.000027
70,0.002875,0.009786,0.000050,0.002875,0.009786,0.000025
71,0.003039,0.010003,0.000055,0.003039,0.010003,0.000027
72,0.003008,0.010030,0.000050,0.003008,0.010030,0.000024
73,0.002919,0.009198,0.000049,0.002919,0.009198,0.000026
74,0.002910,0.009794,0.000074,0.002910,0.009794,0.000022
75,0.002962,0.009875,0.000058,0.002962,0.009875,0.000025
76,0.002965,0.010050,0.000046,0.002965,0.010050,0.000025
77,0.002996,0.010225,0.000048,0.002996,0.010225,0.000025
78,0.003188,0.010455,0.000050,0.003188,0.010455,0.000025
79,0.002964,0.010601,0.000060,0.002964,0.010601,0.000026
80,0.003060,0.010053,0.000054,0.003060,0.010053,0.000025
81,0.003118,0.010041,0.000055,0.003118,0.010041,0.000026
82,0.003120,0.010479,0.000061,0.003120,0.010479,0.000025
83,0.002887,0.009643,0.000068,0.002887,0.009643,0.000023
84,0.002945,0.009574,0.000054,0.002945,0.009574,0.000026
85,0.002984,0.010065,0.000046,0.002984,0.010065,0.000026
86,0.003005,0.010270,0.000049,0.003005,0.010270,0.000027
87,0.003243,0.010869,0.000053,0.003243,0.010869,0.000026
88,0.003254,0.010837,0.000053,0.003254,0.010837,0.000023
89,0.003242,0.010549,0.000053,0.003242,0.010549,0.000025
90,0.002984,0.009873,0.000052,0.002984,0.009873,0.000024
91,0.003094,0.009940,0.000049,0.003094,0.009940,0.000024
92,0.003150,0.010077,0.000073,0.003150,0.010077,0.000025
93,0.002583,0.009193,0.000038,0.002583,0.009193,0.000021
94,0.002640,0.009441,0.000052,0.002640,0.009441,0.000023
95,0.002834,0.009487,0.000047,0.002834,0.009487,0.000023
96,0.002873,0.009704,0.000047,0.002873,0.009704,0.000026
97,0.002994,0.009868,0.000044,0.002994,0.009868,0.000025
98,0.002952,0.009931,0.000048,0.002952,0.009931,0.000023
99,0.003096,0.009853,0.000049,0.003096,0.009853,0.000027
100,0.003085,0.010343,0.000054,0.003085,0.010343,0.000025
101,0.003143,0.010344,0.000046,0.003143,0.010344,0.000025
102,0.003216,0.010551,0.000066,0.003216,0.010551,0.000024
103,0.003227,0.010324,0.000048,0.003227,0.010324,0.000026
104,0.003180,0.010674,0.000051,0.003180,0.010674,0.000026
105,0.003134,0.010974,0.000051,0.003134,0.010974,0.000026
106,0.003295,0.010620,0.000066,0.003295,0.010620,0.000025
107,0.003210,0.010693,0.000049,0.003210,0.010693,0.000025
108,0.003132,0.010335,0.000056,0.003132,0.010335,0.000025
109,0.003156,0.010570,0.000048,0.003156,0.010570,0.000025
110,0.003123,0.010429,0.000049,0.003123,0.010429,0.000026
111,0.003178,0.010634,0.000058,0.003178,0.010634,0.000028
112,0.003053,0.010832,0.000052,0.003053,0.010832,0.000027
113,0.003907,0.010646,0.000068,0.003907,0.010646,0.000027
114,0.002981,0.010203,0.000055,0.002981,0.010203,0.000028
115,0.002957,0.010182,0.000056,0.002957,0.010182,0.000026
116,0.002779,0.009246,0.000051,0.002779,0.009246,0.000024
117,0.002813,0.009250,0.000067,0.002813,0.009250,0.000027
118,0.002697,0.009359,0.000052,0.002697,0.009359,0.000025
119,0.002680,0.009409,0.000064,0.002680,0.009409,0.000027
120,0.002839,0.009894,0.000068,0.002839,0.009894,0.000023
121,0.002766,0.009015,0.000045,0.002766,0.009015,0.000023
122,0.002733,0.009514,0.000047,0.002733,0.009514,0.000022
123,0.002832,0.009611,0.000042,0.002832,0.009611,0.000022
124,0.002862,0.009447,0.000045,0.002862,0.009447,0.000025
125,0.002847,0.009661,0.000045,0.002847,0.009661,0.000025
126,0.002982,0.009685,0.000045,0.002982,0.009685,0.000024
127,0.002917,0.009945,0.000050,0.002917,0.009945,0.000025
128,0.002919,0.009872,0.000049,0.002919,0.009872,0.000024
129,0.003055,0.010039,0.000049,0.003055,0.010039,0.000022
130,0.002965,0.010135,0.000055,0.002965,0.010135,0.000024
131,0.003176,0.010416,0.000052,0.003176,0.010416,0.000026
132,0.003181,0.010992,0.000055,0.003181,0.010992,0.000026
133,0.003163,0.010592,0.000049,0.003163,0.010592,0.000028
134,0.003149,0.010180,0.000046,0.003149,0.010180,0.000025
135,0.003182,0.010350,0.000047,0.003182,0.010350,0.000024
136,0.003217,0.010659,0.000065,0.003217,0.010659,0.000026
137,0.003129,0.010750,0.000047,0.003129,0.010750,0.000026
138,0.003154,0.010447,0.000048,0.003154,0.010447,0.000026
139,0.003154,0.010275,0.000053,0.003154,0.010275,0.000025
140,0.003136,0.010621,0.000068,0.003136,0.010621,0.000024
141,0.003047,0.010204,0.000052,0.003047,0.010204,0.000024
142,0.003007,0.010017,0.000066,0.003007,0.010017,0.000026
143,0.002877,0.009591,0.000066,0.002877,0.009591,0.000026
144,0.002903,0.009599,0.000049,0.002903,0.009599,0.000025
145,0.002744,0.009519,0.000049,0.002744,0.009519,0.000025
146,0.003170,0.010586,0.000072,0.003170,0.010586,0.000033
147,0.003780,0.011939,0.000057,0.003780,0.011939,0.000029
148,0.003321,0.011856,0.000057,0.003321,0.011856,0.000027
149,0.003177,0.010620,0.000074,0.003177,0.010620,0.000027
150,0.003016,0.009901,0.000046,0.003016,0.009901,0.000024
151,0.003119,0.010255,0.000158,0.003119,0.010255,0.000033
152,0.003097,0.010534,0.000052,0.003097,0.010534,0.000034
153,0.003268,0.011864,0.000069,0.003268,0.011864,0.000028
154,0.003118,0.009866,0.000067,0.003118,0.009866,0.000025
155,0.002969,0.009891,0.000048,0.002969,0.009891,0.000025
156,0.003291,0.010043,0.000062,0.003291,0.010043,0.000029
157,0.002973,0.010306,0.000047,0.002973,0.010306,0.000025
158,0.003174,0.009912,0.000059,0.003174,0.009912,0.000025
159,0.003050,0.010358,0.000051,0.003050,0.010358,0.000025
160,0.003248,0.010527,0.000051,0.003248,0.010527,0.000026
161,0.003242,0.010629,0.000224,0.003242,0.010629,0.000031
162,0.003447,0.011335,0.000049,0.003447,0.011335,0.000026
163,0.003244,0.010500,0.000048,0.003244,0.010500,0.000027
164,0.003170,0.010240,0.000048,0.003170,0.010240,0.000026
165,0.003022,0.010097,0.000319,0.003022,0.010097,0.000036
166,0.002830,0.015141,0.000051,0.002830,0.015141,0.000024
167,0.002709,0.009581,0.000053,0.002709,0.009581,0.000025
168,0.002860,0.009886,0.000062,0.002860,0.009886,0.000026
169,0.002750,0.009762,0.000054,0.002750,0.009762,0.000026
170,0.002951,0.009859,0.000072,0.002951,0.009859,0.000025
171,0.002771,0.009077,0.000043,0.002771,0.009077,0.000021
172,0.002708,0.009251,0.000047,0.002708,0.009251,0.000024
173,0.002843,0.009519,0.000060,0.002843,0.009519,0.000027
174,0.002804,0.008996,0.000043,0.002804,0.008996,0.000021
175,0.002696,0.009128,0.000046,0.002696,0.009128,0.000024
176,0.002830,0.009674,0.000069,0.002830,0.009674,0.000025
177,0.002844,0.009708,0.000045,0.002844,0.009708,0.000023
178,0.002878,0.009533,0.000044,0.002878,0.009533,0.000025
179,0.002939,0.009661,0.000048,0.002939,0.009661,0.000027
180,0.002871,0.009475,0.000046,0.002871,0.009475,0.000024
181,0.003011,0.010055,0.000046,0.003011,0.010055,0.000028
182,0.002938,0.009751,0.000056,0.002938,0.009751,0.000028
183,0.003072,0.010274,0.000050,0.003072,0.010274,0.000025
184,0.002790,0.009570,0.000049,0.002790,0.009570,0.000023
185,0.002798,0.009303,0.000061,0.002798,0.009303,0.000023
186,0.003000,0.009950,0.000053,0.003000,0.009950,0.000023
187,0.003030,0.009991,0.000048,0.003030,0.009991,0.000024
188,0.003083,0.010080,0.000048,0.003083,0.010080,0.000024
189,0.003074,0.010084,0.000049,0.003074,0.010084,0.000024
190,0.003076,0.010042,0.000050,0.003076,0.010042,0.000024
191,0.003022,0.010001,0.000067,0.003022,0.010001,0.000024
192,0.003028,0.010346,0.000047,0.003028,0.010346,0.000026
193,0.003218,0.010160,0.000087,0.003218,0.010160,0.000023
194,0.003139,0.010223,0.000046,0.003139,0.010223,0.000024
195,0.002946,0.009940,0.000047,0.002946,0.009940,0.000023
196,0.003117,0.010190,0.000047,0.003117,0.010190,0.000027
197,0.003359,0.010407,0.000071,0.003359,0.010407,0.000025
198,0.003169,0.031428,0.000061,0.003169,0.031428,0.000027
199,0.002744,0.009491,0.000048,0.002744,0.009491,0.000022
200,0.002897,0.009728,0.000063,0.002897,0.009728,0.000023
201,0.002985,0.010054,0.000065,0.002985,0.010054,0.000025
202,0.003064,0.010422,0.000052,0.003064,0.010422,0.000024
203,0.003201,0.010387,0.000048,0.003201,0.010387,0.000024
204,0.003129,0.010209,0.000049,0.003129,0.010209,0.000025
205,0.003168,0.010238,0.000205,0.003168,0.010238,0.000029
206,0.002899,0.010005,0.000047,0.002899,0.010005,0.000025
207,0.002973,0.009997,0.000055,0.002973,0.009997,0.000028
208,0.003184,0.010456,0.000049,0.003184,0.010456,0.000026
209,0.003203,0.010450,0.000051,0.003203,0.010450,0.000027
210,0.003062,0.010159,0.000071,0.003062,0.010159,0.000025
211,0.003038,0.010211,0.000058,0.003038,0.010211,0.000023
212,0.002992,0.010113,0.000045,0.002992,0.010113,0.000025
213,0.003123,0.010157,0.000049,0.003123,0.010157,0.000023
214,0.003270,0.010282,0.000050,0.003270,0.010282,0.000024
215,0.003087,0.010219,0.000048,0.003087,0.010219,0.000025
216,0.003200,0.010414,0.000046,0.003200,0.010414,0.000029
217,0.003330,0.010480,0.000046,0.003330,0.010480,0.000024
218,0.003138,0.010431,0.000056,0.003138,0.010431,0.000026
219,0.003219,0.010385,0.000047,0.003219,0.010385,0.000025
220,0.003135,0.010626,0.000046,0.003135,0.010626,0.000024
221,0.003062,0.010173,0.000050,0.003062,0.010173,0.000023
222,0.003191,0.010220,0.000047,0.003191,0.010220,0.000025
223,0.003344,0.010295,0.000057,0.003344,0.010295,0.000023
224,0.003115,0.010560,0.000061,0.003115,0.010560,0.000024
225,0.002761,0.009206,0.000041,0.002761,0.009206,0.000022
226,0.002735,0.009216,0.000044,0.002735,0.009216,0.000025
227,0.002747,0.009308,0.000057,0.002747,0.009308,0.000024
228,0.002867,0.009745,0.000048,0.002867,0.009745,0.000022
229,0.002883,0.009864,0.000040,0.002883,0.009864,0.000021
230,0.002901,0.009703,0.000048,0.002901,0.009703,0.000024
231,0.003277,0.010263,0.000047,0.003277,0.010263,0.000025
232,0.003160,0.010842,0.000048,0.003160,0.010842,0.000025
233,0.003259,0.010399,0.000050,0.003259,0.010399,0.000024
234,0.003183,0.010660,0.000056,0.003183,0.010660,0.000025
235,0.003191,0.010314,0.000045,0.003191,0.010314,0.000023
236,0.003003,0.010238,0.000046,0.003003,0.010238,0.000024
237,0.003192,0.010470,0.000047,0.003192,0.010470,0.000025
238,0.003028,0.009994,0.000048,0.003028,0.009994,0.000025
239,0.003141,0.014264,0.000066,0.003141,0.014264,0.000026
240,0.002998,0.010490,0.000044,0.002998,0.010490,0.000024
241,0.003021,0.009776,0.000049,0.003021,0.009776,0.000023
242,0.003025,0.009719,0.000044,0.003025,0.009719,0.000025
243,0.002966,0.010104,0.000054,0.002966,0.010104,0.000025
244,0.003082,0.009817,0.000046,0.003082,0.009817,0.000023
245,0.003223,0.010357,0.000046,0.003223,0.010357,0.000025
246,0.002992,0.010481,0.000047,0.002992,0.010481,0.000023
247,0.003228,0.010229,0.000053,0.003228,0.010229,0.000026
248,0.003159,0.010356,0.000050,0.003159,0.010356,0.000025
249,0.003140,0.010476,0.000047,0.003140,0.010476,0.000026
250,0.003195,0.010394,0.000055,0.003195,0.010394,0.000026
251,0.003189,0.010289,0.000049,0.003189,0.010289,0.000029
252,0.003212,0.010793,0.000065,0.003212,0.010793,0.000030
253,0.002773,0.009606,0.000052,0.002773,0.009606,0.000025
254,0.002914,0.009554,0.000046,0.002914,0.009554,0.000026
255,0.002956,0.009999,0.000059,0.002956,0.009999,0.000023
256,0.003200,0.010901,0.000049,0.003200,0.010901,0.000027
257,0.003398,0.011089,0.000049,0.003398,0.011089,0.000026
258,0.003378,0.010845,0.000068,0.003378,0.010845,0.000027
259,0.003134,0.010867,0.000049,0.003134,0.010867,0.000026
260,0.003150,0.010544,0.000046,0.003150,0.010544,0.000023
261,0.003117,0.009955,0.000047,0.003117,0.009955,0.000025
262,0.003004,0.009905,0.000047,0.003004,0.009905,0.000023
263,0.003097,0.009920,0.000045,0.003097,0.009920,0.000024
264,0.003022,0.009677,0.000048,0.003022,0.009677,0.000027
265,0.002960,0.009909,0.000044,0.002960,0.009909,0.000024
266,0.002868,0.009727,0.000050,0.002868,0.009727,0.000026
267,0.002966,0.009970,0.000049,0.002966,0.009970,0.000024
268,0.002977,0.010425,0.000047,0.002977,0.010425,0.000024
269,0.003142,0.010277,0.000063,0.003142,0.010277,0.000026
270,0.003157,0.010235,0.000046,0.003157,0.010235,0.000044
271,0.003076,0.010572,0.000048,0.003076,0.010572,0.000024
272,0.003089,0.010041,0.000047,0.003089,0.010041,0.000027
273,0.003076,0.010120,0.000049,0.003076,0.010120,0.000024
274,0.003126,0.010467,0.000050,0.003126,0.010467,0.000024
275,0.003092,0.010245,0.000045,0.003092,0.010245,0.000024
276,0.003165,0.010059,0.000047,0.003165,0.010059,0.000024
277,0.003064,0.010001,0.000048,0.003064,0.010001,0.000027
278,0.003204,0.009986,0.000094,0.003204,0.009986,0.000028
279,0.003066,0.010275,0.000061,0.003066,0.010275,0.000028
280,0.002726,0.009577,0.000062,0.002726,0.009577,0.000022
281,0.002746,0.009093,0.000047,0.002746,0.009093,0.000024
282,0.002835,0.009418,0.000122,0.002835,0.009418,0.000024
283,0.002888,0.010033,0.000047,0.002888,0.010033,0.000023
284,0.002962,0.009911,0.000046,0.002962,0.009911,0.000023
285,0.002919,0.009764,0.000049,0.002919,0.009764,0.000024
286,0.002896,0.010141,0.000060,0.002896,0.010141,0.000027
287,0.002662,0.009322,0.000055,0.002662,0.009322,0.000020
288,0.002687,0.009247,0.000040,0.002687,0.009247,0.000021
289,0.002727,0.009277,0.000050,0.002727,0.009277,0.000022
290,0.002784,0.009574,0.000042,0.002784,0.009574,0.000024
291,0.002905,0.009717,0.000046,0.002905,0.009717,0.000023
292,0.003008,0.009875,0.000049,0.003008,0.009875,0.000026
293,0.002964,0.010266,0.000054,0.002964,0.010266,0.000024
294,0.002959,0.009987,0.000042,0.002959,0.009987,0.000024
295,0.002648,0.009878,0.000059,0.002648,0.009878,0.000025
296,0.002999,0.009475,0.000061,0.002999,0.009475,0.000032
297,0.002679,0.009257,0.000051,0.002679,0.009257,0.000026
298,0.002721,0.010189,0.000055,0.002721,0.010189,0.000029
299,0.002718,0.009798,0.000058,0.002718,0.009798,0.000025
300,0.003255,0.009695,0.000050,0.003255,0.009695,0.000067
301,0.002727,0.009224,0.000048,0.002727,0.009224,0.000024
302,0.002773,0.009748,0.000048,0.002773,0.009748,0.000023
303,0.002918,0.009690,0.000048,0.002918,0.009690,0.000022
304,0.002876,0.009249,0.000055,0.002876,0.009249,0.000026
305,0.002779,0.009478,0.000056,0.002779,0.009478,0.000026
306,0.002924,0.009643,0.000049,0.002924,0.009643,0.000026
307,0.002922,0.009569,0.000055,0.002922,0.009569,0.000028
308,0.002823,0.009577,0.000121,0.002823,0.009577,0.000028
309,0.002576,0.009720,0.000056,0.002576,0.009720,0.000024
310,0.002695,0.009282,0.000051,0.002695,0.009282,0.000024
311,0.002794,0.009617,0.000051,0.002794,0.009617,0.000025
312,0.002808,0.009820,0.000053,0.002808,0.009820,0.000024
313,0.002840,0.009593,0.000082,0.002840,0.009593,0.000048
314,0.004234,0.034359,0.000155,0.004234,0.034359,0.000106
315,0.006477,0.039522,0.000156,0.006477,0.039522,0.000029
316,0.002937,0.010905,0.000096,0.002937,0.010905,0.000041
317,0.002874,0.011129,0.000115,0.002874,0.011129,0.000030
318,0.010202,0.018697,0.000062,0.010202,0.018697,0.000037
319,0.003053,0.012146,0.000222,0.003053,0.012146,0.000304
320,0.004435,0.014552,0.000101,0.004435,0.014552,0.000027
321,0.002860,0.010484,0.000060,0.002860,0.010484,0.000029
322,0.002819,0.010405,0.000058,0.002819,0.010405,0.000038
323,0.002967,0.010177,0.000056,0.002967,0.010177,0.000035
324,0.003139,0.010568,0.000054,0.003139,0.010568,0.000027
325,0.002890,0.010589,0.000059,0.002890,0.010589,0.000032
326,0.003271,0.010171,0.000059,0.003271,0.010171,0.000028
327,0.003130,0.010514,0.000075,0.003130,0.010514,0.000028
328,0.003061,0.010291,0.000046,0.003061,0.010291,0.000025
329,0.003127,0.010374,0.000075,0.003127,0.010374,0.000024
330,0.003061,0.010373,0.000048,0.003061,0.010373,0.000026
331,0.003080,0.010479,0.000050,0.003080,0.010479,0.000024
332,0.003032,0.009855,0.000081,0.003032,0.009855,0.000032
333,0.003260,0.012541,0.000079,0.003260,0.012541,0.000033
334,0.002858,0.049353,0.000077,0.002858,0.049353,0.000028
335,0.002689,0.009570,0.000047,0.002689,0.009570,0.000023
336,0.002732,0.009696,0.000060,0.002732,0.009696,0.000023
337,0.002879,0.009947,0.000058,0.002879,0.009947,0.000027
338,0.002808,0.009809,0.000046,0.002808,0.009809,0.000026
339,0.002814,0.009984,0.000053,0.002814,0.009984,0.000029
340,0.002769,0.009994,0.000057,0.002769,0.009994,0.000024
341,0.002837,0.009740,0.000072,0.002837,0.009740,0.000027
342,0.002913,0.010335,0.000061,0.002913,0.010335,0.000031
343,0.002948,0.009856,0.000052,0.002948,0.009856,0.000027
344,0.002893,0.009880,0.000054,0.002893,0.009880,0.000026
345,0.003056,0.010071,0.000046,0.003056,0.010071,0.000024
346,0.003066,0.009705,0.000109,0.003066,0.009705,0.000095
347,0.004772,0.011828,0.000053,0.004772,0.011828,0.000025
348,0.002692,0.009833,0.000061,0.002692,0.009833,0.000026
349,0.002988,0.010455,0.000055,0.002988,0.010455,0.000026
350,0.002678,0.009682,0.000055,0.002678,0.009682,0.000028
351,0.002679,0.010769,0.000087,0.002679,0.010769,0.000024
352,0.002835,0.009317,0.000044,0.002835,0.009317,0.000021
353,0.002754,0.009768,0.000050,0.002754,0.009768,0.000023
354,0.002846,0.009821,0.000046,0.002846,0.009821,0.000024
355,0.002924,0.009797,0.000047,0.002924,0.009797,0.000024
356,0.003031,0.010455,0.000047,0.003031,0.010455,0.000029
357,0.002996,0.010053,0.000052,0.002996,0.010053,0.000024
358,0.002956,0.010189,0.000048,0.002956,0.010189,0.000024
359,0.003074,0.010341,0.000064,0.003074,0.010341,0.000024
360,0.003052,0.010238,0.000047,0.003052,0.010238,0.000024
361,0.003033,0.010009,0.000060,0.003033,0.010009,0.000042
362,0.002986,0.034814,0.000059,0.002986,0.034814,0.000025
363,0.002752,0.009544,0.000059,0.002752,0.009544,0.000024
364,0.002808,0.009685,0.000051,0.002808,0.009685,0.000024
365,0.002974,0.009897,0.000079,0.002974,0.009897,0.000042
366,0.004330,0.013169,0.000059,0.004330,0.013169,0.000029
367,0.003542,0.011412,0.000054,0.003542,0.011412,0.000027
368,0.003391,0.010967,0.000060,0.003391,0.010967,0.000026
369,0.003375,0.011227,0.000064,0.003375,0.011227,0.000026
370,0.003408,0.011351,0.000063,0.003408,0.011351,0.000028
371,0.003550,0.011557,0.000055,0.003550,0.011557,0.000026
372,0.003307,0.011011,0.000048,0.003307,0.011011,0.000025
373,0.003323,0.010764,0.000061,0.003323,0.010764,0.000030
374,0.003602,0.011427,0.000060,0.003602,0.011427,0.000032
375,0.003478,0.011246,0.000054,0.003478,0.011246,0.000027
376,0.003489,0.011455,0.000063,0.003489,0.011455,0.000026
377,0.003384,0.011451,0.000057,0.003384,0.011451,0.000027
378,0.003427,0.011456,0.000052,0.003427,0.011456,0.000040
379,0.003449,0.011223,0.000049,0.003449,0.011223,0.000026
380,0.003355,0.010905,0.000049,0.003355,0.010905,0.000024
381,0.003278,0.010619,0.000045,0.003278,0.010619,0.000030
382,0.003131,0.010414,0.000047,0.003131,0.010414,0.000026
383,0.002964,0.010116,0.000048,0.002964,0.010116,0.000025
384,0.003170,0.010266,0.000078,0.003170,0.010266,0.000025
385,0.003092,0.010285,0.000054,0.003092,0.010285,0.000024
386,0.003158,0.010508,0.000047,0.003158,0.010508,0.000024
387,0.003134,0.010298,0.000046,0.003134,0.010298,0.000024
388,0.003002,0.011753,0.000062,0.003002,0.011753,0.000085
389,0.002987,0.010503,0.000071,0.002987,0.010503,0.000029
390,0.002865,0.010245,0.000057,0.002865,0.010245,0.000032
391,0.003204,0.036111,0.000075,0.003204,0.036111,0.000026
392,0.002778,0.009358,0.000055,0.002778,0.009358,0.000035
393,0.002867,0.009644,0.000107,0.002867,0.009644,0.000030
394,0.003418,0.010087,0.000053,0.003418,0.010087,0.000029
395,0.002880,0.009962,0.000060,0.002880,0.009962,0.000024
396,0.002903,0.009682,0.000062,0.002903,0.009682,0.000025
397,0.002983,0.010055,0.000058,0.002983,0.010055,0.000027
398,0.003057,0.010340,0.000049,0.003057,0.010340,0.000025
399,0.003114,0.010275,0.000061,0.003114,0.010275,0.000030
400,0.003262,0.011808,0.000054,0.003262,0.011808,0.000027
401,0.003105,0.009911,0.000045,0.003105,0.009911,0.000026
402,0.002975,0.010246,0.000055,0.002975,0.010246,0.000028
403,0.003156,0.010585,0.000060,0.003156,0.010585,0.000030
404,0.003240,0.013405,0.000076,0.003240,0.013405,0.000043
405,0.003358,0.030974,0.000065,0.003358,0.030974,0.000030
406,0.002976,0.011130,0.000057,0.002976,0.011130,0.000035
407,0.004386,0.013321,0.000064,0.004386,0.013321,0.000029
408,0.004069,0.009523,0.000061,0.004069,0.009523,0.000032
409,0.002722,0.010732,0.000054,0.002722,0.010732,0.000028
410,0.002941,0.010085,0.000060,0.002941,0.010085,0.000028
411,0.004959,0.025542,0.000128,0.004959,0.025542,0.000032
412,0.004117,0.015015,0.000119,0.004117,0.015015,0.000053
413,0.003144,0.020276,0.000064,0.003144,0.020276,0.000034
414,0.003688,0.017013,0.000144,0.003688,0.017013,0.000041
415,0.006659,0.021050,0.000059,0.006659,0.021050,0.000032
416,0.003651,0.012761,0.000387,0.003651,0.012761,0.000041
417,0.005176,0.013367,0.000091,0.005176,0.013367,0.000027
418,0.002793,0.012137,0.000077,0.002793,0.012137,0.000137
419,0.004002,0.014045,0.000075,0.004002,0.014045,0.000596
420,0.003571,0.013126,0.000112,0.003571,0.013126,0.000165
421,0.003651,0.012490,0.000116,0.003651,0.012490,0.000034
422,0.003865,0.012510,0.000569,0.003865,0.012510,0.000030
423,0.002855,0.011988,0.000059,0.002855,0.011988,0.000030
424,0.002941,0.010560,0.000068,0.002941,0.010560,0.000028
425,0.002653,0.010662,0.000060,0.002653,0.010662,0.000027
426,0.003178,0.011545,0.000060,0.003178,0.011545,0.000032
427,0.002626,0.010530,0.000319,0.002626,0.010530,0.000042
428,0.002781,0.011251,0.000066,0.002781,0.011251,0.000028
429,0.003019,0.011319,0.000058,0.003019,0.011319,0.000027
430,0.002742,0.010947,0.000211,0.002742,0.010947,0.000113
431,0.002737,0.013401,0.000111,0.002737,0.013401,0.000127
432,0.008654,0.032443,0.000246,0.008654,0.032443,0.000032
433,0.002831,0.012507,0.000059,0.002831,0.012507,0.000025
434,0.003400,0.010837,0.000073,0.003400,0.010837,0.000028
435,0.003185,0.011344,0.000181,0.003185,0.011344,0.000041
436,0.004134,0.013137,0.000061,0.004134,0.013137,0.000027
437,0.003014,0.010808,0.000069,0.003014,0.010808,0.000031
438,0.003428,0.017150,0.000081,0.003428,0.017150,0.000029
439,0.002641,0.009781,0.000069,0.002641,0.009781,0.000029
440,0.003008,0.010175,0.000073,0.003008,0.010175,0.000025
441,0.002989,0.010484,0.000056,0.002989,0.010484,0.000030
442,0.003053,0.010374,0.000131,0.003053,0.010374,0.000026
443,0.003103,0.011073,0.000070,0.003103,0.011073,0.000028
444,0.003168,0.010607,0.000058,0.003168,0.010607,0.000028
445,0.002900,0.009828,0.000056,0.002900,0.009828,0.000027
446,0.002921,0.010092,0.000057,0.002921,0.010092,0.000069
447,0.003844,0.012173,0.000058,0.003844,0.012173,0.000029
448,0.002876,0.009616,0.000059,0.002876,0.009616,0.000026
449,0.002911,0.009585,0.000052,0.002911,0.009585,0.000024
450,0.002826,0.009477,0.000046,0.002826,0.009477,0.000024
451,0.002965,0.009665,0.000048,0.002965,0.009665,0.000024
452,0.002978,0.009676,0.000048,0.002978,0.009676,0.000026
453,0.002955,0.009920,0.000051,0.002955,0.009920,0.000024
454,0.003170,0.010336,0.000046,0.003170,0.010336,0.000030
455,0.003018,0.009905,0.000048,0.003018,0.009905,0.000026
456,0.002957,0.009695,0.000046,0.002957,0.009695,0.000026
457,0.003043,0.010025,0.000059,0.003043,0.010025,0.000025
458,0.003006,0.010029,0.000047,0.003006,0.010029,0.000025
459,0.003030,0.010015,0.000060,0.003030,0.010015,0.000031
460,0.002941,0.010120,0.000055,0.002941,0.010120,0.000027
461,0.021271,0.018630,0.000209,0.021271,0.018630,0.000073
462,0.004139,0.014279,0.000076,0.004139,0.014279,0.000033
463,0.002952,0.015332,0.000063,0.002952,0.015332,0.000032
464,0.002997,0.011834,0.000064,0.002997,0.011834,0.000036
465,0.003259,0.010561,0.000079,0.003259,0.010561,0.000078
466,0.002868,0.012521,0.000060,0.002868,0.012521,0.000027
467,0.003993,0.013301,0.000060,0.003993,0.013301,0.000026
468,0.002981,0.013923,0.000279,0.002981,0.013923,0.000032
469,0.003288,0.011287,0.000179,0.003288,0.011287,0.000026
470,0.004219,0.013706,0.000063,0.004219,0.013706,0.000077
471,0.002805,0.011669,0.000066,0.002805,0.011669,0.000038
472,0.003079,0.012492,0.000228,0.003079,0.012492,0.000029
473,0.003217,0.012337,0.000064,0.003217,0.012337,0.000029
474,0.004268,0.011838,0.000194,0.004268,0.011838,0.000036
475,0.003806,0.015188,0.000062,0.003806,0.015188,0.000038
476,0.005051,0.013610,0.000087,0.005051,0.013610,0.000027
477,0.004690,0.013676,0.000066,0.004690,0.013676,0.000053
478,0.003413,0.014382,0.000070,0.003413,0.014382,0.000027
479,0.003431,0.010790,0.000234,0.003431,0.010790,0.000050
480,0.004958,0.016035,0.000107,0.004958,0.016035,0.000059
481,0.003828,0.013629,0.000060,0.003828,0.013629,0.000041
482,0.003747,0.012857,0.000473,0.003747,0.012857,0.000035
483,0.010325,0.015516,0.000126,0.010325,0.015516,0.000033
484,0.004474,0.013369,0.000155,0.004474,0.013369,0.000031
485,0.003649,0.012356,0.000073,0.003649,0.012356,0.000109
486,0.004408,0.012778,0.000162,0.004408,0.012778,0.000031
487,0.003245,0.013963,0.000134,0.003245,0.013963,0.000030
488,0.003240,0.010862,0.000060,0.003240,0.010862,0.000031
489,0.003147,0.014307,0.000124,0.003147,0.014307,0.000046
490,0.003921,0.016558,0.000065,0.003921,0.016558,0.000035
491,0.003445,0.013472,0.000133,0.003445,0.013472,0.000027
492,0.003620,0.012317,0.000192,0.003620,0.012317,0.000037
493,0.003673,0.012569,0.000098,0.003673,0.012569,0.000031
494,0.002879,0.010421,0.000060,0.002879,0.010421,0.000051
495,0.002844,0.011858,0.000060,0.002844,0.011858,0.000034
496,0.002885,0.011106,0.000165,0.002885,0.011106,0.000036
497,0.003697,0.012645,0.000061,0.003697,0.012645,0.000053
498,0.003265,0.020592,0.000155,0.003265,0.020592,0.000126
499,0.005559,0.013757,0.000074,0.005559,0.013757,0.000031
500,0.003295,0.013033,0.000076,0.003295,0.013033,0.000030
501,0.002956,0.011884,0.000070,0.002956,0.011884,0.000038
502,0.003025,0.014206,0.000062,0.003025,0.014206,0.000029
503,0.003020,0.012258,0.000061,0.003020,0.012258,0.000048
504,0.003376,0.012897,0.000178,0.003376,0.012897,0.000032
505,0.002649,0.011017,0.000061,0.002649,0.011017,0.000039
506,0.003822,0.012388,0.000083,0.003822,0.012388,0.000031
507,0.003230,0.010684,0.000062,0.003230,0.010684,0.000026
508,0.002952,0.009775,0.000059,0.002952,0.009775,0.000064
509,0.002923,0.012217,0.000065,0.002923,0.012217,0.000029
510,0.004273,0.014274,0.000058,0.004273,0.014274,0.000035
511,0.002942,0.017061,0.000061,0.002942,0.017061,0.000028
512,0.002757,0.014593,0.000129,0.002757,0.014593,0.000031
513,0.005859,0.018129,0.000136,0.005859,0.018129,0.000042
514,0.004601,0.014835,0.000075,0.004601,0.014835,0.000159
515,0.002777,0.047044,0.000225,0.002777,0.047044,0.000058
516,0.005687,0.013601,0.000081,0.005687,0.013601,0.000061
517,0.003341,0.016396,0.000088,0.003341,0.016396,0.000028
518,0.002859,0.010436,0.000058,0.002859,0.010436,0.000029
519,0.002882,0.010990,0.000171,0.002882,0.010990,0.000028
520,0.003302,0.010299,0.000142,0.003302,0.010299,0.000044
521,0.002928,0.010190,0.000058,0.002928,0.010190,0.000027
522,0.002825,0.010344,0.000123,0.002825,0.010344,0.000030
523,0.002794,0.010780,0.000059,0.002794,0.010780,0.000025
524,0.002813,0.010993,0.000054,0.002813,0.010993,0.000028
525,0.002785,0.011502,0.000074,0.002785,0.011502,0.000026
526,0.002936,0.013064,0.000105,0.002936,0.013064,0.000041
527,0.003724,0.014606,0.000060,0.003724,0.014606,0.000029
528,0.003160,0.010484,0.000093,0.003160,0.010484,0.000099
529,0.002933,0.015273,0.000060,0.002933,0.015273,0.000073
530,0.005306,0.014910,0.000070,0.005306,0.014910,0.000027
531,0.004110,0.012586,0.000063,0.004110,0.012586,0.000029
532,0.003234,0.011657,0.000147,0.003234,0.011657,0.000067
533,0.009776,0.054131,0.000171,0.009776,0.054131,0.000052
534,0.003257,0.014251,0.000085,0.003257,0.014251,0.000030
535,0.002776,0.013058,0.000124,0.002776,0.013058,0.000033
536,0.005130,0.024536,0.000112,0.005130,0.024536,0.000028
537,0.003100,0.012997,0.000067,0.003100,0.012997,0.000028
538,0.002775,0.010747,0.000063,0.002775,0.010747,0.000026
539,0.002736,0.010486,0.000062,0.002736,0.010486,0.000029
540,0.004840,0.012267,0.000301,0.004840,0.012267,0.000102
541,0.003577,0.012889,0.000102,0.003577,0.012889,0.000030
542,0.030770,0.019350,0.000064,0.030770,0.019350,0.000188
543,0.004087,0.014072,0.000059,0.004087,0.014072,0.000033
544,0.003070,0.014969,0.000267,0.003070,0.014969,0.000536
545,0.018720,0.024460,0.000108,0.018720,0.024460,0.000055
546,0.009126,0.028319,0.000092,0.009126,0.028319,0.000046
547,0.004042,0.027730,0.000056,0.004042,0.027730,0.000033
548,0.002942,0.014588,0.000132,0.002942,0.014588,0.000030
549,0.005376,0.013114,0.000214,0.005376,0.013114,0.000094
550,0.003305,0.013731,0.000109,0.003305,0.013731,0.000030
551,0.003146,0.011469,0.000261,0.003146,0.011469,0.000467
552,0.003675,0.014342,0.000152,0.003675,0.014342,0.000078
553,0.004497,0.014603,0.000071,0.004497,0.014603,0.000031
554,0.003264,0.016556,0.000065,0.003264,0.016556,0.000028
555,0.003108,0.017047,0.000084,0.003108,0.017047,0.000033
556,0.003888,0.016334,0.000065,0.003888,0.016334,0.000037
557,0.004608,0.014615,0.000122,0.004608,0.014615,0.000058
558,0.005257,0.015595,0.000174,0.005257,0.015595,0.000120
559,0.004727,0.024856,0.000233,0.004727,0.024856,0.000030
560,0.003485,0.015590,0.000369,0.003485,0.015590,0.000040
561,0.004301,0.014132,0.000071,0.004301,0.014132,0.000044
562,0.004345,0.011597,0.000077,0.004345,0.011597,0.000029
563,0.003164,0.013641,0.000078,0.003164,0.013641,0.000063
564,0.003728,0.013559,0.000712,0.003728,0.013559,0.000045
565,0.004266,0.014858,0.000141,0.004266,0.014858,0.000040
566,0.003381,0.015503,0.000067,0.003381,0.015503,0.000053
567,0.003147,0.013843,0.000064,0.003147,0.013843,0.000042
568,0.003090,0.012405,0.000131,0.003090,0.012405,0.000027
569,0.003521,0.014945,0.000114,0.003521,0.014945,0.000059
570,0.004930,0.016188,0.000139,0.004930,0.016188,0.000055
571,0.003357,0.016664,0.000226,0.003357,0.016664,0.000039
572,0.003165,0.014341,0.000065,0.003165,0.014341,0.000040
573,0.002965,0.016948,0.000188,0.002965,0.016948,0.000163
574,0.003534,0.017272,0.000177,0.003534,0.017272,0.000042
575,0.003565,0.014970,0.000092,0.003565,0.014970,0.000031
576,0.003343,0.016317,0.000104,0.003343,0.016317,0.000031
577,0.003820,0.015122,0.000084,0.003820,0.015122,0.000042
578,0.019178,0.025653,0.000157,0.019178,0.025653,0.000038
579,0.003500,0.013993,0.000171,0.003500,0.013993,0.000036
580,0.004509,0.013182,0.000107,0.004509,0.013182,0.000026
581,0.005742,0.012001,0.000150,0.005742,0.012001,0.000031
582,0.003353,0.014313,0.000069,0.003353,0.014313,0.000035
583,0.003151,0.012254,0.000140,0.003151,0.012254,0.000112
584,0.003081,0.011783,0.000073,0.003081,0.011783,0.000032
585,0.003599,0.018940,0.000054,0.003599,0.018940,0.000032
586,0.003949,0.013965,0.000158,0.003949,0.013965,0.000034
587,0.005316,0.014650,0.000123,0.005316,0.014650,0.000044
588,0.003321,0.013429,0.000063,0.003321,0.013429,0.000207
589,0.002699,0.011767,0.000429,0.002699,0.011767,0.000045
590,0.005287,0.011939,0.000068,0.005287,0.011939,0.000029
591,0.003611,0.010905,0.000058,0.003611,0.010905,0.000029
592,0.002837,0.014534,0.000089,0.002837,0.014534,0.000032
593,0.003759,0.010839,0.000097,0.003759,0.010839,0.000067
594,0.002826,0.010484,0.000059,0.002826,0.010484,0.000026
595,0.002657,0.009844,0.000056,0.002657,0.009844,0.000026
596,0.002784,0.009471,0.000053,0.002784,0.009471,0.000028
597,0.003296,0.010052,0.000059,0.003296,0.010052,0.000027
598,0.003385,0.010571,0.000060,0.003385,0.010571,0.000034
599,0.003127,0.010266,0.000071,0.003127,0.010266,0.000028
600,0.003087,0.010149,0.000053,0.003087,0.010149,0.000028
601,0.002878,0.009786,0.000059,0.002878,0.009786,0.000029
602,0.003110,0.009983,0.000081,0.003110,0.009983,0.000027
603,0.003046,0.009972,0.000052,0.003046,0.009972,0.000025
604,0.003032,0.009914,0.000052,0.003032,0.009914,0.000026
605,0.003486,0.010512,0.000056,0.003486,0.010512,0.000026
606,0.002986,0.009930,0.000136,0.002986,0.009930,0.000027
607,0.003480,0.010229,0.000055,0.003480,0.010229,0.000026
608,0.003039,0.010195,0.000076,0.003039,0.010195,0.000028
609,0.002938,0.010198,0.000054,0.002938,0.010198,0.000029
610,0.002947,0.010087,0.000059,0.002947,0.010087,0.000029
611,0.002902,0.012427,0.000061,0.002902,0.012427,0.000029
612,0.002887,0.010748,0.000056,0.002887,0.010748,0.000044
613,0.002917,0.009900,0.000056,0.002917,0.009900,0.000027
614,0.002856,0.010133,0.000049,0.002856,0.010133,0.000023
615,0.002776,0.009407,0.000049,0.002776,0.009407,0.000024
616,0.002809,0.009543,0.000056,0.002809,0.009543,0.000028
617,0.003653,0.009906,0.000065,0.003653,0.009906,0.000027
618,0.002835,0.010099,0.000056,0.002835,0.010099,0.000023
619,0.003070,0.009787,0.000052,0.003070,0.009787,0.000027
620,0.003178,0.010070,0.000053,0.003178,0.010070,0.000025
621,0.003202,0.009822,0.000052,0.003202,0.009822,0.000043
622,0.018920,0.013126,0.000047,0.018920,0.013126,0.000027
623,0.002870,0.009688,0.000046,0.002870,0.009688,0.000033
624,0.002905,0.009767,0.000060,0.002905,0.009767,0.000027
625,0.002871,0.009609,0.000059,0.002871,0.009609,0.000026
626,0.002842,0.010606,0.000055,0.002842,0.010606,0.000029
627,0.002949,0.010131,0.000072,0.002949,0.010131,0.000026
628,0.002927,0.009978,0.000069,0.002927,0.009978,0.000029
629,0.002977,0.010070,0.000061,0.002977,0.010070,0.000025
630,0.002913,0.009770,0.000056,0.002913,0.009770,0.000024
631,0.002940,0.010396,0.000062,0.002940,0.010396,0.000026
632,0.002945,0.009735,0.000045,0.002945,0.009735,0.000021
633,0.002918,0.009634,0.000046,0.002918,0.009634,0.000026
634,0.002977,0.010413,0.000048,0.002977,0.010413,0.000026
635,0.002958,0.009982,0.000045,0.002958,0.009982,0.000027
636,0.003078,0.021636,0.000058,0.003078,0.021636,0.000052
637,0.002942,0.014030,0.000057,0.002942,0.014030,0.000027
638,0.002907,0.009887,0.000090,0.002907,0.009887,0.000032
639,0.003019,0.010052,0.000053,0.003019,0.010052,0.000029
640,0.003164,0.009890,0.000071,0.003164,0.009890,0.000027
641,0.002920,0.009996,0.000048,0.002920,0.009996,0.000027
642,0.002869,0.009864,0.000051,0.002869,0.009864,0.000027
643,0.003076,0.010792,0.000061,0.003076,0.010792,0.000027
644,0.003014,0.009889,0.000054,0.003014,0.009889,0.000032
645,0.002947,0.010250,0.000053,0.002947,0.010250,0.000025
646,0.002995,0.009909,0.000103,0.002995,0.009909,0.000024
647,0.002997,0.010521,0.000066,0.002997,0.010521,0.000025
648,0.003128,0.010383,0.000094,0.003128,0.010383,0.000026
649,0.003085,0.010365,0.000159,0.003085,0.010365,0.000040
650,0.002988,0.011084,0.000162,0.002988,0.011084,0.000027
651,0.003037,0.010177,0.000074,0.003037,0.010177,0.000024
652,0.002653,0.009314,0.000056,0.002653,0.009314,0.000022
653,0.002942,0.009344,0.000051,0.002942,0.009344,0.000026
654,0.003182,0.010197,0.000049,0.003182,0.010197,0.000026
655,0.003149,0.010436,0.000051,0.003149,0.010436,0.000028
656,0.003369,0.010525,0.000073,0.003369,0.010525,0.000027
657,0.003193,0.010451,0.000054,0.003193,0.010451,0.000025
658,0.003216,0.010683,0.000064,0.003216,0.010683,0.000030
659,0.003119,0.010910,0.000056,0.003119,0.010910,0.000029
660,0.003343,0.010799,0.000062,0.003343,0.010799,0.000031
661,0.003167,0.010726,0.000058,0.003167,0.010726,0.000027
662,0.003268,0.010825,0.000074,0.003268,0.010825,0.000040
663,0.003220,0.011195,0.000056,0.003220,0.011195,0.000025
664,0.003167,0.010435,0.000050,0.003167,0.010435,0.000025
665,0.003034,0.010050,0.000055,0.003034,0.010050,0.000032
666,0.003086,0.009917,0.000058,0.003086,0.009917,0.000026
667,0.002981,0.009896,0.000075,0.002981,0.009896,0.000029
668,0.003039,0.010339,0.000047,0.003039,0.010339,0.000025
669,0.003344,0.010082,0.000052,0.003344,0.010082,0.000026
670,0.003091,0.010502,0.000049,0.003091,0.010502,0.000026
671,0.002970,0.009984,0.000050,0.002970,0.009984,0.000027
672,0.002967,0.010576,0.000051,0.002967,0.010576,0.000028
673,0.003161,0.010052,0.000047,0.003161,0.010052,0.000025
674,0.002991,0.009777,0.000050,0.002991,0.009777,0.000025
675,0.002963,0.010100,0.000048,0.002963,0.010100,0.000024
676,0.003014,0.009934,0.000049,0.003014,0.009934,0.000025
677,0.002986,0.009853,0.000054,0.002986,0.009853,0.000057
678,0.003170,0.011203,0.000072,0.003170,0.011203,0.000027
679,0.003062,0.010322,0.000052,0.003062,0.010322,0.000027
680,0.003078,0.010339,0.000059,0.003078,0.010339,0.000031
681,0.003083,0.028401,0.000054,0.003083,0.028401,0.000025
682,0.002832,0.009444,0.000068,0.002832,0.009444,0.000025
683,0.003016,0.009855,0.000058,0.003016,0.009855,0.000027
684,0.003088,0.010406,0.000061,0.003088,0.010406,0.000025
685,0.002748,0.009383,0.000051,0.002748,0.009383,0.000025
686,0.002695,0.009500,0.000046,0.002695,0.009500,0.000025
687,0.002874,0.009243,0.000042,0.002874,0.009243,0.000023
688,0.002754,0.009350,0.000045,0.002754,0.009350,0.000024
689,0.002781,0.009510,0.000048,0.002781,0.009510,0.000024
690,0.002910,0.009810,0.000043,0.002910,0.009810,0.000025
691,0.002854,0.009785,0.000056,0.002854,0.009785,0.000023
692,0.002861,0.009430,0.000044,0.002861,0.009430,0.000024
693,0.002901,0.009678,0.000047,0.002901,0.009678,0.000027
694,0.003172,0.010178,0.000050,0.003172,0.010178,0.000025
695,0.002790,0.009483,0.000043,0.002790,0.009483,0.000024
696,0.002963,0.009510,0.000069,0.002963,0.009510,0.000027
697,0.003012,0.009879,0.000045,0.003012,0.009879,0.000023
698,0.002978,0.010005,0.000047,0.002978,0.010005,0.000028
699,0.003032,0.010114,0.000055,0.003032,0.010114,0.000027
700,0.003118,0.010434,0.000050,0.003118,0.010434,0.000025
701,0.003082,0.010223,0.000048,0.003082,0.010223,0.000025
702,0.003094,0.009788,0.000052,0.003094,0.009788,0.000024
703,0.003173,0.010031,0.000053,0.003173,0.010031,0.000026
704,0.002968,0.009986,0.000051,0.002968,0.009986,0.000024
705,0.003043,0.010052,0.000048,0.003043,0.010052,0.000026
706,0.003093,0.009876,0.000046,0.003093,0.009876,0.000023
707,0.003120,0.009928,0.000068,0.003120,0.009928,0.000034
708,0.003343,0.011025,0.000058,0.003343,0.011025,0.000027
709,0.003387,0.010527,0.000064,0.003387,0.010527,0.000026
710,0.002684,0.009466,0.000051,0.002684,0.009466,0.000023
711,0.002856,0.009345,0.000043,0.002856,0.009345,0.000026
712,0.002797,0.009566,0.000064,0.002797,0.009566,0.000027
713,0.003270,0.011753,0.000057,0.003270,0.011753,0.000031
714,0.002944,0.010216,0.000065,0.002944,0.010216,0.000027
715,0.003778,0.010618,0.000071,0.003778,0.010618,0.000028
716,0.002912,0.010793,0.000074,0.002912,0.010793,0.000028
717,0.003049,0.010732,0.000050,0.003049,0.010732,0.000026
718,0.002943,0.010587,0.000057,0.002943,0.010587,0.000026
719,0.003050,0.010003,0.000049,0.003050,0.010003,0.000025
720,0.002955,0.010032,0.000053,0.002955,0.010032,0.000026
721,0.003033,0.010070,0.000049,0.003033,0.010070,0.000027
722,0.002969,0.009805,0.000048,0.002969,0.009805,0.000027
723,0.003025,0.009796,0.000058,0.003025,0.009796,0.000029
724,0.002999,0.011002,0.000059,0.002999,0.011002,0.000030
725,0.003165,0.010331,0.000066,0.003165,0.010331,0.000030
726,0.002985,0.010705,0.000060,0.002985,0.010705,0.000026
727,0.003463,0.010358,0.000075,0.003463,0.010358,0.000028
728,0.003053,0.011196,0.000057,0.003053,0.011196,0.000029
729,0.003288,0.010169,0.000065,0.003288,0.010169,0.000028
730,0.002885,0.010667,0.000069,0.002885,0.010667,0.000026
731,0.003373,0.013956,0.000054,0.003373,0.013956,0.000028
732,0.002784,0.009816,0.000122,0.002784,0.009816,0.000026
733,0.002994,0.009488,0.000052,0.002994,0.009488,0.000024
734,0.002979,0.009463,0.000066,0.002979,0.009463,0.000024
735,0.002841,0.009881,0.000061,0.002841,0.009881,0.000026
736,0.002785,0.009436,0.000044,0.002785,0.009436,0.000026
737,0.002804,0.009627,0.000068,0.002804,0.009627,0.000032
738,0.015446,0.027539,0.000060,0.015446,0.027539,0.000042
739,0.003351,0.010143,0.000061,0.003351,0.010143,0.000028
740,0.003143,0.009898,0.000060,0.003143,0.009898,0.000027
741,0.003082,0.010029,0.000058,0.003082,0.010029,0.000026
742,0.002716,0.009871,0.000060,0.002716,0.009871,0.000025
743,0.004309,0.009971,0.000057,0.004309,0.009971,0.000027
744,0.003015,0.009749,0.000057,0.003015,0.009749,0.000026
745,0.002840,0.009686,0.000079,0.002840,0.009686,0.000026
746,0.003089,0.010269,0.000066,0.003089,0.010269,0.000032
747,0.002868,0.011250,0.000070,0.002868,0.011250,0.000033
748,0.003020,0.010881,0.000093,0.003020,0.010881,0.000026
749,0.003158,0.011065,0.000063,0.003158,0.011065,0.000070
750,0.002783,0.009938,0.000054,0.002783,0.009938,0.000030
751,0.002845,0.009911,0.000068,0.002845,0.009911,0.000025
752,0.003221,0.009606,0.000054,0.003221,0.009606,0.000029
753,0.003053,0.009970,0.000060,0.003053,0.009970,0.000028
754,0.002960,0.010183,0.000056,0.002960,0.010183,0.000026
755,0.002842,0.011887,0.000058,0.002842,0.011887,0.000029
756,0.002932,0.010101,0.000057,0.002932,0.010101,0.000030
757,0.002889,0.010792,0.000060,0.002889,0.010792,0.000030
758,0.002901,0.010396,0.000068,0.002901,0.010396,0.000026
759,0.002920,0.010368,0.000059,0.002920,0.010368,0.000026
760,0.003063,0.010074,0.000060,0.003063,0.010074,0.000032
761,0.002991,0.009984,0.000053,0.002991,0.009984,0.000035
762,0.002892,0.009648,0.000045,0.002892,0.009648,0.000025
763,0.002847,0.009484,0.000044,0.002847,0.009484,0.000025
764,0.002845,0.009577,0.000054,0.002845,0.009577,0.000024
765,0.003022,0.010109,0.000047,0.003022,0.010109,0.000028
766,0.003040,0.010147,0.000050,0.003040,0.010147,0.000024
767,0.003177,0.011172,0.000049,0.003177,0.011172,0.000026
768,0.006961,0.027837,0.000057,0.006961,0.027837,0.000026
769,0.002789,0.009406,0.000043,0.002789,0.009406,0.000026
770,0.002892,0.011742,0.000078,0.002892,0.011742,0.000027
771,0.002727,0.014031,0.000058,0.002727,0.014031,0.000034
772,0.003827,0.012383,0.000071,0.003827,0.012383,0.000028
773,0.003605,0.011619,0.000052,0.003605,0.011619,0.000025
774,0.003327,0.010816,0.000051,0.003327,0.010816,0.000027
775,0.003204,0.010735,0.000049,0.003204,0.010735,0.000211
776,0.005024,0.016497,0.000147,0.005024,0.016497,0.000053
777,0.004465,0.044851,0.000071,0.004465,0.044851,0.000113
778,0.003147,0.009653,0.000058,0.003147,0.009653,0.000025
779,0.002691,0.009442,0.000066,0.002691,0.009442,0.000043
780,0.002859,0.009445,0.000058,0.002859,0.009445,0.000029
781,0.003045,0.010250,0.000052,0.003045,0.010250,0.000053
782,0.003032,0.010422,0.000053,0.003032,0.010422,0.000025
783,0.003074,0.010370,0.000048,0.003074,0.010370,0.000026
784,0.003156,0.010545,0.000048,0.003156,0.010545,0.000026
785,0.003188,0.010317,0.000050,0.003188,0.010317,0.000023
786,0.003066,0.010368,0.000070,0.003066,0.010368,0.000026
787,0.003229,0.010355,0.000046,0.003229,0.010355,0.000053
788,0.003125,0.010113,0.000062,0.003125,0.010113,0.000027
789,0.003163,0.010844,0.000079,0.003163,0.010844,0.000030
790,0.003302,0.010466,0.000049,0.003302,0.010466,0.000026
791,0.002996,0.010058,0.000048,0.002996,0.010058,0.000024
792,0.003200,0.010253,0.000052,0.003200,0.010253,0.000025
793,0.003140,0.010371,0.000046,0.003140,0.010371,0.000026
794,0.003132,0.010230,0.000045,0.003132,0.010230,0.000026
795,0.002984,0.010425,0.000073,0.002984,0.010425,0.000107
796,0.002842,0.012435,0.000089,0.002842,0.012435,0.000030
797,0.003021,0.009761,0.000064,0.003021,0.009761,0.000028
798,0.002750,0.009944,0.000073,0.002750,0.009944,0.000026
799,0.002929,0.010753,0.000057,0.002929,0.010753,0.000028
800,0.002851,0.009758,0.000054,0.002851,0.009758,0.000029
801,0.002880,0.009903,0.000073,0.002880,0.009903,0.000027
802,0.002939,0.010165,0.000046,0.002939,0.010165,0.000023
803,0.003007,0.010226,0.000054,0.003007,0.010226,0.000027
804,0.002663,0.009703,0.000049,0.002663,0.009703,0.000024
805,0.002702,0.009225,0.000045,0.002702,0.009225,0.000024
806,0.002892,0.009428,0.000044,0.002892,0.009428,0.000025
807,0.002992,0.009995,0.000062,0.002992,0.009995,0.000022
808,0.003014,0.009825,0.000044,0.003014,0.009825,0.000023
809,0.003042,0.010118,0.000047,0.003042,0.010118,0.000026
810,0.003009,0.009799,0.000049,0.003009,0.009799,0.000027
811,0.003009,0.010101,0.000048,0.003009,0.010101,0.000025
812,0.003263,0.010614,0.000066,0.003263,0.010614,0.000025
813,0.003166,0.010905,0.000053,0.003166,0.010905,0.000025
814,0.003246,0.010335,0.000048,0.003246,0.010335,0.000026
815,0.002998,0.010184,0.000050,0.002998,0.010184,0.000025
816,0.003069,0.010106,0.000052,0.003069,0.010106,0.000028
817,0.002949,0.009807,0.000062,0.002949,0.009807,0.000025
818,0.003147,0.010795,0.000044,0.003147,0.010795,0.000026
819,0.003076,0.010365,0.000047,0.003076,0.010365,0.000025
820,0.004418,0.011497,0.000060,0.004418,0.011497,0.000027
821,0.002991,0.010308,0.000064,0.002991,0.010308,0.000027
822,0.003123,0.010223,0.000053,0.003123,0.010223,0.000025
823,0.003149,0.009971,0.000152,0.003149,0.009971,0.000081
824,0.003255,0.009557,0.000054,0.003255,0.009557,0.000024
825,0.002760,0.009078,0.000047,0.002760,0.009078,0.000021
826,0.002739,0.009043,0.000044,0.002739,0.009043,0.000023
827,0.002742,0.009040,0.000044,0.002742,0.009040,0.000023
828,0.002813,0.009336,0.000045,0.002813,0.009336,0.000023
829,0.002842,0.009309,0.000118,0.002842,0.009309,0.000024
830,0.002974,0.010812,0.000045,0.002974,0.010812,0.000025
831,0.003160,0.010259,0.000048,0.003160,0.010259,0.000026
832,0.003182,0.010471,0.000046,0.003182,0.010471,0.000024
833,0.003183,0.010160,0.000048,0.003183,0.010160,0.000025
834,0.003126,0.010670,0.000045,0.003126,0.010670,0.000025
835,0.003158,0.010467,0.000047,0.003158,0.010467,0.000024
836,0.003184,0.010109,0.000053,0.003184,0.010109,0.000025
837,0.003252,0.010356,0.000056,0.003252,0.010356,0.000027
838,0.003176,0.010544,0.000049,0.003176,0.010544,0.000026
839,0.003115,0.010660,0.000064,0.003115,0.010660,0.000024
840,0.003141,0.010341,0.000046,0.003141,0.010341,0.000026
841,0.003436,0.010177,0.000054,0.003436,0.010177,0.000024
842,0.003215,0.010566,0.000093,0.003215,0.010566,0.000030
843,0.003519,0.010571,0.000058,0.003519,0.010571,0.000028
844,0.002979,0.010621,0.000089,0.002979,0.010621,0.000031
845,0.003144,0.010903,0.000063,0.003144,0.010903,0.000027
846,0.003169,0.010678,0.000048,0.003169,0.010678,0.000025
847,0.003130,0.010776,0.000052,0.003130,0.010776,0.000027
848,0.003245,0.010634,0.000068,0.003245,0.010634,0.000025
849,0.003175,0.010234,0.000069,0.003175,0.010234,0.000025
850,0.003105,0.010179,0.000046,0.003105,0.010179,0.000024
851,0.003098,0.010395,0.000049,0.003098,0.010395,0.000023
852,0.003180,0.010628,0.000155,0.003180,0.010628,0.000029
853,0.002585,0.009588,0.000047,0.002585,0.009588,0.000021
854,0.002733,0.009428,0.000043,0.002733,0.009428,0.000023
855,0.002880,0.009572,0.000044,0.002880,0.009572,0.000023
856,0.002965,0.009724,0.000058,0.002965,0.009724,0.000024
857,0.003010,0.010231,0.000050,0.003010,0.010231,0.000024
858,0.003006,0.010322,0.000045,0.003006,0.010322,0.000022
859,0.003002,0.010144,0.000045,0.003002,0.010144,0.000026
860,0.003050,0.010112,0.000047,0.003050,0.010112,0.000023
861,0.002970,0.009923,0.000054,0.002970,0.009923,0.000024
862,0.002971,0.009780,0.000089,0.002971,0.009780,0.000022
863,0.002946,0.010075,0.000116,0.002946,0.010075,0.000023
864,0.002946,0.009834,0.000053,0.002946,0.009834,0.000024
865,0.003008,0.010082,0.000054,0.003008,0.010082,0.000027
866,0.003284,0.012724,0.000068,0.003284,0.012724,0.000026
867,0.003092,0.010148,0.000051,0.003092,0.010148,0.000027
868,0.003053,0.010520,0.000046,0.003053,0.010520,0.000024
869,0.003159,0.010124,0.000048,0.003159,0.010124,0.000028
870,0.003045,0.010319,0.000046,0.003045,0.010319,0.000023
871,0.003079,0.010071,0.000058,0.003079,0.010071,0.000024
872,0.003047,0.009897,0.000046,0.003047,0.009897,0.000025
873,0.003132,0.010079,0.000061,0.003132,0.010079,0.000025
874,0.003080,0.010234,0.000045,0.003080,0.010234,0.000025
875,0.003085,0.010436,0.000047,0.003085,0.010436,0.000025
876,0.003235,0.010677,0.000054,0.003235,0.010677,0.000025
877,0.003183,0.010700,0.000050,0.003183,0.010700,0.000025
878,0.003220,0.010097,0.000054,0.003220,0.010097,0.000026
879,0.003122,0.010542,0.000049,0.003122,0.010542,0.000025
880,0.003252,0.031495,0.000069,0.003252,0.031495,0.000027
881,0.002869,0.009820,0.000045,0.002869,0.009820,0.000022
882,0.003024,0.010007,0.000044,0.003024,0.010007,0.000025
883,0.003121,0.010048,0.000047,0.003121,0.010048,0.000024
884,0.003099,0.010059,0.000048,0.003099,0.010059,0.000026
885,0.003064,0.010288,0.000048,0.003064,0.010288,0.000025
886,0.003213,0.010389,0.000049,0.003213,0.010389,0.000025
887,0.003162,0.010670,0.000048,0.003162,0.010670,0.000025
888,0.003424,0.010648,0.000073,0.003424,0.010648,0.000031
889,0.003261,0.011041,0.000060,0.003261,0.011041,0.000028
890,0.003225,0.010599,0.000054,0.003225,0.010599,0.000028
891,0.003190,0.010504,0.000051,0.003190,0.010504,0.000024
892,0.003174,0.010753,0.000048,0.003174,0.010753,0.000025
893,0.003230,0.010595,0.000046,0.003230,0.010595,0.000042
894,0.003114,0.010457,0.000065,0.003114,0.010457,0.000026
895,0.003123,0.010557,0.000068,0.003123,0.010557,0.000024
896,0.003059,0.010305,0.000045,0.003059,0.010305,0.000024
897,0.003103,0.010241,0.000050,0.003103,0.010241,0.000025
898,0.003088,0.010378,0.000057,0.003088,0.010378,0.000023
899,0.003127,0.010195,0.000065,0.003127,0.010195,0.000024
900,0.003089,0.009959,0.000048,0.003089,0.009959,0.000025
901,0.003016,0.010342,0.000054,0.003016,0.010342,0.000023
902,0.002973,0.009898,0.000062,0.002973,0.009898,0.000026
903,0.003022,0.010198,0.000046,0.003022,0.010198,0.000027
904,0.002920,0.010019,0.000042,0.002920,0.010019,0.000026
905,0.002944,0.009805,0.000055,0.002944,0.009805,0.000023
906,0.002933,0.009925,0.000058,0.002933,0.009925,0.000025
907,0.002662,0.028420,0.000060,0.002662,0.028420,0.000026
908,0.002705,0.009390,0.000045,0.002705,0.009390,0.000023
909,0.002793,0.009619,0.000043,0.002793,0.009619,0.000035
910,0.002943,0.009544,0.000043,0.002943,0.009544,0.000027
911,0.003030,0.010342,0.000059,0.003030,0.010342,0.000029
912,0.002980,0.010794,0.000054,0.002980,0.010794,0.000031
913,0.003456,0.010603,0.000054,0.003456,0.010603,0.000026
914,0.003258,0.010438,0.000062,0.003258,0.010438,0.000029
915,0.003076,0.009906,0.000052,0.003076,0.009906,0.000026
916,0.002892,0.009806,0.000051,0.002892,0.009806,0.000023
917,0.003046,0.009977,0.000046,0.003046,0.009977,0.000025
918,0.003073,0.010305,0.000053,0.003073,0.010305,0.000027
919,0.003210,0.010326,0.000045,0.003210,0.010326,0.000025
920,0.003119,0.010065,0.000048,0.003119,0.010065,0.000024
921,0.003164,0.010186,0.000058,0.003164,0.010186,0.000026
922,0.003133,0.010344,0.000050,0.003133,0.010344,0.000027
923,0.003103,0.010176,0.000045,0.003103,0.010176,0.000025
924,0.003166,0.010055,0.000047,0.003166,0.010055,0.000026
925,0.003142,0.010379,0.000053,0.003142,0.010379,0.000024
926,0.003156,0.010314,0.000048,0.003156,0.010314,0.000025
927,0.003134,0.010201,0.000050,0.003134,0.010201,0.000025
928,0.003148,0.010484,0.000049,0.003148,0.010484,0.000028
929,0.003223,0.010489,0.000070,0.003223,0.010489,0.000025
930,0.003135,0.010590,0.000046,0.003135,0.010590,0.000025
931,0.003364,0.011100,0.000052,0.003364,0.011100,0.000026
932,0.003346,0.011048,0.000048,0.003346,0.011048,0.000026
933,0.003536,0.010882,0.000052,0.003536,0.010882,0.000027
934,0.003145,0.010398,0.000056,0.003145,0.010398,0.000027
935,0.003146,0.010740,0.000064,0.003146,0.010740,0.000028
936,0.003348,0.010857,0.000256,0.003348,0.010857,0.000037
937,0.003033,0.009403,0.000054,0.003033,0.009403,0.000023
938,0.002800,0.009364,0.000060,0.002800,0.009364,0.000023
939,0.002726,0.009200,0.000052,0.002726,0.009200,0.000025
940,0.002865,0.009429,0.000048,0.002865,0.009429,0.000026
941,0.002892,0.009756,0.000051,0.002892,0.009756,0.000024
942,0.002977,0.010209,0.000048,0.002977,0.010209,0.000023
943,0.003135,0.010073,0.000048,0.003135,0.010073,0.000024
944,0.003149,0.010141,0.000045,0.003149,0.010141,0.000025
945,0.003162,0.010051,0.000051,0.003162,0.010051,0.000026
946,0.003187,0.010596,0.000055,0.003187,0.010596,0.000025
947,0.003177,0.010491,0.000051,0.003177,0.010491,0.000026
948,0.003133,0.010741,0.000049,0.003133,0.010741,0.000027
949,0.003207,0.010532,0.000064,0.003207,0.010532,0.000024
950,0.003194,0.010561,0.000048,0.003194,0.010561,0.000025
951,0.003244,0.010724,0.000055,0.003244,0.010724,0.000027
952,0.003148,0.010768,0.000048,0.003148,0.010768,0.000024
953,0.003217,0.010657,0.000054,0.003217,0.010657,0.000026
954,0.003173,0.010905,0.000051,0.003173,0.010905,0.000027
955,0.003150,0.010610,0.000048,0.003150,0.010610,0.000023
956,0.003158,0.010350,0.000045,0.003158,0.010350,0.000028
957,0.004550,0.012503,0.000053,0.004550,0.012503,0.000025
958,0.003411,0.010264,0.000055,0.003411,0.010264,0.000027
959,0.003213,0.010613,0.000062,0.003213,0.010613,0.000026
960,0.003140,0.010706,0.000048,0.003140,0.010706,0.000025
961,0.003318,0.010313,0.000049,0.003318,0.010313,0.000027
962,0.003083,0.010081,0.000045,0.003083,0.010081,0.000023
963,0.003034,0.010307,0.000049,0.003034,0.010307,0.000025
964,0.003181,0.029474,0.000057,0.003181,0.029474,0.000023
965,0.003287,0.009684,0.000065,0.003287,0.009684,0.000024
966,0.002921,0.009591,0.000048,0.002921,0.009591,0.000024
967,0.002646,0.009217,0.000043,0.002646,0.009217,0.000022
968,0.002750,0.009140,0.000043,0.002750,0.009140,0.000021
969,0.002822,0.009340,0.000052,0.002822,0.009340,0.000022
970,0.002852,0.009641,0.000048,0.002852,0.009641,0.000023
971,0.002811,0.009663,0.000071,0.002811,0.009663,0.000023
972,0.002896,0.009748,0.000048,0.002896,0.009748,0.000023
973,0.003003,0.009950,0.000046,0.003003,0.009950,0.000026
974,0.002928,0.009749,0.000050,0.002928,0.009749,0.000024
975,0.002989,0.009809,0.000051,0.002989,0.009809,0.000023
976,0.003168,0.010278,0.000045,0.003168,0.010278,0.000022
977,0.003125,0.010610,0.000045,0.003125,0.010610,0.000025
978,0.003162,0.010163,0.000090,0.003162,0.010163,0.000025
979,0.003120,0.010265,0.000147,0.003120,0.010265,0.000028
980,0.003550,0.011363,0.000083,0.003550,0.011363,0.000025
981,0.003180,0.010274,0.000055,0.003180,0.010274,0.000025
982,0.003008,0.010067,0.000049,0.003008,0.010067,0.000025
983,0.002983,0.010056,0.000053,0.002983,0.010056,0.000025
984,0.003017,0.009921,0.000049,0.003017,0.009921,0.000024
985,0.003153,0.010365,0.000048,0.003153,0.010365,0.000025
986,0.003143,0.010376,0.000048,0.003143,0.010376,0.000024
987,0.003072,0.010091,0.000057,0.003072,0.010091,0.000023
988,0.003136,0.009777,0.001079,0.003136,0.009777,0.000034
989,0.003230,0.012628,0.000056,0.003230,0.012628,0.000025
990,0.002875,0.009895,0.000048,0.002875,0.009895,0.000025
991,0.002918,0.010726,0.000068,0.002918,0.010726,0.000024
992,0.003010,0.011031,0.000062,0.003010,0.011031,0.000032
993,0.002953,0.010122,0.000063,0.002953,0.010122,0.000028
994,0.002747,0.010513,0.000056,0.002747,0.010513,0.000027
995,0.002700,0.009828,0.000056,0.002700,0.009828,0.000031
996,0.002617,0.009818,0.000056,0.002617,0.009818,0.000029
997,0.002718,0.009774,0.000058,0.002718,0.009774,0.000029
998,0.002759,0.009447,0.000071,0.002759,0.009447,0.000026
999,0.002773,0.009623,0.000053,0.002773,0.009623,0.000027
1000,0.002888,0.009413,0.000053,0.002888,0.009413,0.000026
