Iteration,AES256 Encryption (microseconds),Key Generation (microseconds),Signing (microseconds),Verification (microseconds)
1,157,977406,11697746,27220
2,174,975185,11673910,30192
3,135,976604,11699299,32400
4,130,976222,11688349,29114
5,123,977750,11690571,31335
6,129,977640,11706304,33008
7,130,977558,11708096,33834
8,124,978967,11703499,34036
9,122,973458,11712462,32112
10,123,977632,11712567,32095
11,123,976875,11702504,30925
12,129,975068,11697685,32455
13,129,979237,11710892,32701
14,124,980041,11700287,32941
15,143,980402,11702253,30441
16,124,977859,11706890,32719
17,123,977948,11712204,30334
18,135,976170,11719938,32507
19,130,978718,11705662,31299
20,136,979909,11710115,33636
21,121,978165,11703054,31300
22,122,978302,11705170,32111
23,122,977686,11706497,31405
24,130,975846,11705351,32572
25,122,976647,11697047,33045
26,122,976636,11722384,31582
27,122,975991,11724346,33098
28,129,977018,11710646,32040
29,122,980579,11702106,31826
30,121,977362,11689225,32769
31,122,977776,11688088,32214
32,122,978614,11708532,28853
33,123,978851,11701432,31904
34,135,978996,11710269,32014
35,121,975050,11714245,31550
36,124,976649,11714702,34691
37,122,978576,11711257,28039
38,124,977177,11696807,33192
39,131,977706,11690550,32370
40,120,976756,11694595,30932
41,122,976595,11699147,29243
42,122,978895,11683884,31311
43,123,977345,11699267,33354
44,122,981002,11695443,32632
45,122,978251,11705702,31984
46,122,978726,11707929,27866
47,134,975808,11702344,33150
48,122,977859,11701359,31886
49,123,975801,11689622,31597
50,122,976969,11698537,32297
51,123,974345,11702042,32006
52,123,977955,11704943,32287
53,123,979033,11705338,32098
54,124,977023,11695749,32048
55,137,977516,11698443,31486
56,122,978452,11710079,32724
57,122,973839,11710910,32763
58,122,978313,11690433,27095
59,123,973657,11694289,32532
60,121,975089,11703850,27669
61,122,975996,11709911,28664
62,124,975432,11697525,31501
63,118,973799,11709726,31335
64,117,979271,11727314,31940
65,128,976461,11716059,31727
66,130,978764,11701938,30795
67,122,975566,11699420,32266
68,125,976807,11698954,31768
69,137,976529,11701637,31793
70,123,975621,11702592,32588
71,146,978332,11697373,32748
72,131,980822,11677957,32270
73,171,978679,11704295,32329
74,122,976388,11717225,33205
75,121,974152,11703203,31429
76,168,976670,11720820,32638
77,121,975574,11689414,32096
78,130,974392,11703031,29971
79,131,979863,11709354,32340
80,127,986630,11710477,30518
81,124,975191,11690512,32594
82,128,975729,11715060,30263
83,121,979522,11690891,32583
84,122,976996,11703622,31168
85,181,979576,11704804,31461
86,123,976676,11689060,32112
87,133,978087,11709066,32981
88,135,978255,11713236,27396
89,135,976806,11696173,32872
90,126,975772,11703076,31469
91,127,977920,11699838,32222
92,122,975258,11704829,37754
93,124,978908,11702667,32722
94,130,979248,11706847,27197
95,134,982269,11703049,32496
96,171,977467,11702313,32653
97,122,981670,11693825,27065
98,121,977025,11690859,29499
99,124,975490,11693014,32409
100,127,976719,11687456,31416
101,122,973634,11682941,31512
102,162,976879,11711779,27875
103,117,978084,11709289,33848
104,117,974284,11713901,31035
105,116,979447,11700367,31677
106,182,975327,11703658,33389
107,122,977229,11705477,31547
108,130,976805,11714994,32115
109,123,980703,11702490,30787
110,122,976306,11696892,26858
111,135,981797,11690327,28063
112,130,976650,11714838,31947
113,122,975536,11722663,30244
114,122,978229,11708096,32240
115,122,975043,11715631,31725
116,133,975971,11714537,31773
117,137,975592,11716253,31329
118,122,977507,11716283,32406
119,124,975718,11719995,31775
120,122,977062,11706541,32544
121,121,979717,11720975,31255
122,123,977016,11702277,30851
123,134,979515,11706410,33853
124,123,973060,11713671,32514
125,128,978107,11695078,27297
126,135,975992,11712492,33810
127,131,975558,11702590,33253
128,128,975328,11700117,32928
129,124,977008,11713495,34332
130,127,979872,11699218,32658
131,121,976555,11704380,28414
132,129,975367,11724038,33455
133,123,974641,11701521,32633
134,135,974878,11707379,32099
135,135,976332,11703656,30789
136,121,980224,11702655,31706
137,127,974605,11705889,32863
138,119,976976,11689812,31837
139,123,977607,11694681,27274
140,123,976102,11694552,27914
141,121,975753,11702268,32448
142,122,976187,11697832,32328
143,124,975887,11693423,27696
144,125,977159,11692889,32023
145,123,977363,11697293,32777
146,122,976525,11708391,32399
147,123,976409,11697541,32347
148,122,976252,11699125,33221
149,123,974527,11704746,32975
150,131,978069,11705649,31701
151,128,976323,11698748,31721
152,120,975142,11704488,32051
153,130,976665,11702191,32921
154,130,975024,11702663,31913
155,129,978454,11703584,31440
156,128,979958,11689605,31369
157,131,980988,11703451,33708
158,123,976379,11700584,31981
159,130,977364,11701972,33859
160,123,975328,11710660,30868
161,121,977276,11705244,33569
162,167,975449,11722056,32125
163,136,975287,11707232,31898
164,123,976453,11708683,32786
165,131,978352,11706083,32348
166,116,975717,11696606,32687
167,117,975821,11697129,33244
168,117,975630,11693175,31785
169,116,978475,11694535,28388
170,123,975697,11713868,31920
171,121,978102,11682895,31533
172,129,976817,11707664,32543
173,123,979203,11712767,29156
174,128,977070,11721211,31715
175,129,975015,11696919,32639
176,121,978127,11707594,33589
177,168,978427,11710503,32923
178,123,977645,11715315,32017
179,136,976669,11711984,32097
180,127,978159,11702689,31293
181,126,976597,11691694,33192
182,122,975223,11710129,31716
183,122,974826,11707166,32232
184,122,978960,11711396,31056
185,126,977436,11708348,33005
186,157,976780,11702085,33196
187,129,975368,11716604,28280
188,124,978208,11715986,32454
189,137,978596,11695930,32979
190,127,977337,11724787,33612
191,126,976425,11707479,28489
192,136,974343,11681949,28588
193,136,977014,11708730,33309
194,132,980919,11694167,32564
195,123,978079,11694076,33436
196,121,976909,11705909,32623
197,136,975780,11703986,32749
198,136,978771,11706286,31935
199,131,974438,11707615,31465
200,171,977808,11707116,28066
201,130,975320,11704700,32684
202,137,975223,11707808,32564
203,130,977167,11704264,31298
204,183,973454,11705899,33645
205,136,974965,11703007,32076
206,130,973781,11704183,32856
207,123,981887,11704356,34075
208,133,974979,11689836,29350
209,123,975531,11700367,31373
210,123,979004,11704087,28671
211,137,976415,11694917,31528
212,136,978026,11706717,30200
213,123,975537,11702211,29430
214,169,977378,11706135,33528
215,132,976989,11695287,32855
216,127,974093,11706136,31858
217,121,978377,11710725,32060
218,127,976056,11703552,32321
219,123,976284,11707847,31604
220,122,980139,11705987,33474
221,135,979189,11702543,32108
222,125,977294,11699513,31514
223,123,978625,11702911,31592
224,138,978225,11696407,31174
225,120,981296,11710606,32397
226,130,976082,11708213,29820
227,123,977906,11708285,32586
228,123,976413,11693092,32380
229,122,975318,11716106,32687
230,115,975289,11712310,31794
231,115,979446,11691512,32688
232,116,976456,11711088,31994
233,116,977480,11713039,35079
234,179,976682,11705529,32048
235,135,976569,11703170,30709
236,123,976583,11707266,32284
237,128,974770,11711509,32783
238,123,977006,11713266,32868
239,124,978115,11698973,33390
240,135,976926,11689919,33106
241,135,976319,11686510,31710
242,129,981408,11691916,33093
243,129,973991,11708793,33026
244,128,977023,11710166,31406
245,121,973975,11708738,31618
246,122,975134,11708277,32365
247,131,975354,11704488,30617
248,134,976524,11705511,28258
249,138,973940,11692294,33001
250,130,974257,11708601,31400
251,128,974091,11689224,31795
252,122,979079,11701144,32502
253,122,977552,11716941,28714
254,122,975578,11709839,33012
255,169,976079,11695912,32530
256,122,979885,11697865,30239
257,122,976718,11696988,31425
258,177,977021,11697497,28838
259,121,980369,11696814,32494
260,128,974576,11693904,28486
261,130,977077,11669681,32461
262,125,979959,11700320,31478
263,124,974871,11700836,32747
264,123,979351,11696015,32334
265,122,975079,11697378,31212
266,129,976723,11710666,33098
267,136,978590,11675660,29119
268,135,973687,11699854,32629
269,129,974925,11707472,32206
270,121,978130,11696111,34268
271,137,974789,11713665,28038
272,123,976790,11701325,31733
273,135,978122,11714975,31349
274,136,977927,11693077,31448
275,129,981078,11714234,31103
276,125,978138,11694787,32396
277,122,975111,11683047,32379
278,131,974907,11709458,33490
279,123,975421,11699986,32563
280,126,977916,11703303,32879
281,129,977445,11714327,32639
282,125,977606,11687647,28707
283,135,977691,11705962,30895
284,122,979892,11713445,32262
285,126,975701,11694341,31731
286,129,978004,11700347,31076
287,126,976479,11712606,32631
288,126,979848,11708528,30968
289,122,978408,11714635,32321
290,126,979024,11708465,32857
291,179,974949,11699900,33433
292,117,978544,11706714,29172
293,115,982160,11706317,32501
294,116,974506,11705480,32918
295,120,976171,11704733,31324
296,115,974389,11712144,33237
297,116,973700,11703727,32438
298,128,979069,11708554,28359
299,122,981573,11696042,31540
300,121,977950,11695784,32752
301,128,978437,11708385,32104
302,136,978729,11688325,31283
303,136,977447,11694184,26676
304,123,979073,11709800,33622
305,137,978036,11702642,32698
306,177,977692,11713445,32424
307,123,977090,11693410,30696
308,128,977018,11701112,33004
309,121,975707,11703527,32702
310,134,975593,11707318,33781
311,125,976548,11696700,33604
312,123,978936,11703852,32535
313,129,975888,11698837,32914
314,137,976526,11693116,32592
315,135,975684,11697555,29730
316,123,977277,11693344,32339
317,123,974733,11697662,31836
318,126,977845,11715396,33299
319,129,979315,11695314,30504
320,115,978354,11707271,32334
321,123,976726,11689154,33678
322,130,979224,11717143,32109
323,137,979706,11704599,32105
324,136,976385,11706982,33184
325,124,974158,11693937,33107
326,133,976752,11707246,32082
327,137,975871,11693788,32383
328,126,978170,11697475,32817
329,133,977003,11698143,32354
330,134,973298,11674067,31893
331,122,975617,11706678,32915
332,135,976526,11686656,31926
333,142,975793,11687699,32129
334,128,976153,11686577,33351
335,127,976782,11705158,32137
336,130,974496,11688122,31871
337,122,978134,11702033,33850
338,135,976344,11694535,30504
339,122,976978,11731883,32914
340,115,976076,11688168,32905
341,117,976515,11707990,27986
342,117,976983,11696732,32348
343,116,976266,11710218,32541
344,116,975676,11691149,33196
345,135,974791,11679957,33701
346,121,976789,11695152,31417
347,192,979353,11708280,32197
348,123,975099,11693115,34546
349,122,976681,11704528,31699
350,130,981829,11714077,32086
351,123,983510,11712522,31534
352,126,977496,11715869,28340
353,120,975875,11704915,32584
354,122,978958,11704550,31988
355,122,979271,11705649,31689
356,124,975713,11700433,32768
357,127,976657,11686323,32318
358,126,975500,11713720,33247
359,134,975721,11693130,32233
360,123,980097,11675262,31510
361,122,981694,11699474,32642
362,127,973775,11715118,32990
363,124,976125,11691833,32612
364,123,978365,11701307,32414
365,127,976689,11710134,33511
366,128,973682,11708254,33278
367,135,979235,11717044,33759
368,122,977816,11706701,31582
369,122,978188,11700798,31704
370,130,973930,11712797,32133
371,172,975574,11697868,32049
372,122,975431,11701795,31956
373,123,976906,11704879,32109
374,135,977546,11699098,31543
375,123,975524,11701639,32694
376,127,979058,11699117,32283
377,124,976161,11700472,32459
378,122,977929,11688160,32179
379,129,974951,11701295,31904
380,127,975681,11707627,33064
381,166,977661,11711916,32663
382,122,976083,11698456,31782
383,124,977971,11691533,33239
384,126,975319,11686218,32364
385,159,976695,11714268,32435
386,121,977748,11696783,33604
387,123,979511,11712866,33733
388,122,975626,11704946,32222
389,129,975757,11694020,32889
390,135,977941,11690305,33170
391,129,976617,11697897,31935
392,136,976696,11674972,32329
393,123,974369,11696852,30718
394,122,977609,11688572,33740
395,125,977066,11701665,30190
396,128,977193,11700668,32332
397,129,976289,11719269,32088
398,123,976756,11691481,31796
399,121,975435,11699647,32012
400,121,975143,11686528,28241
401,129,975389,11701495,32983
402,122,975443,11687077,32208
403,122,974215,11720136,33431
404,122,974742,11702002,32926
405,122,977221,11701654,32811
406,128,974501,11704808,32155
407,136,977238,11701427,34263
408,138,982701,11707911,33523
409,121,974685,11699538,28700
410,124,976759,11718818,32581
411,129,977191,11709219,32494
412,130,974716,11696444,30446
413,125,979244,11704389,30731
414,127,979959,11686741,33245
415,135,976465,11703281,32424
416,128,975909,11692886,33646
417,133,976932,11712449,28127
418,135,976880,11706604,33332
419,136,978565,11703421,29662
420,134,976422,11714051,33839
421,125,978693,11697730,32288
422,121,976764,11707895,28913
423,135,976958,11695517,31074
424,121,973908,11709621,33046
425,128,978322,11708262,33482
426,122,978495,11710859,32821
427,123,976804,11698377,33668
428,123,981062,11692418,32654
429,136,976211,11690694,32268
430,125,978494,11704823,31688
431,127,976432,11706582,32277
432,121,980004,11686309,32174
433,135,976325,11691715,32372
434,128,977532,11700491,33384
435,130,978849,11703267,32522
436,135,975302,11703392,32371
437,123,975693,11706561,31974
438,122,976038,11719125,31352
439,130,977982,11707210,31821
440,126,977460,11714485,31683
441,135,974257,11698176,32299
442,123,978725,11694241,33725
443,121,978999,11706143,31628
444,134,977183,11701400,31289
445,135,981092,11701035,33334
446,124,978499,11708899,31143
447,121,978370,11696818,30683
448,129,977547,11694427,31488
449,122,975807,11703658,31890
450,122,977362,11688613,31482
451,121,977247,11708207,32142
452,130,977440,11691713,32593
453,124,979362,11694980,32497
454,135,975761,11688862,31886
455,132,975487,11702558,28703
456,123,973703,11703705,32079
457,123,973789,11706176,33008
458,123,980702,11702526,33487
459,132,976045,11702736,32005
460,169,975932,11703893,32844
461,126,979759,11687997,33546
462,127,978953,11688251,32003
463,121,977338,11708108,31641
464,126,976319,11695425,31640
465,123,974898,11686830,32391
466,122,976666,11705101,30568
467,126,975864,11703323,31509
468,122,973201,11690443,32527
469,122,977519,11697024,32304
470,121,977272,11703118,32378
471,127,976166,11683773,30902
472,121,974366,11693474,29346
473,121,978410,11698376,31624
474,126,977068,11695293,33476
475,121,973590,11703252,31960
476,123,978497,11717679,32443
477,136,975461,11707397,28345
478,124,979920,11690345,31869
479,119,974181,11700962,31185
480,136,974533,11706169,32378
481,167,977335,11694103,28004
482,121,977099,11692680,31501
483,123,976798,11691107,32306
484,119,978735,11692908,33179
485,122,977832,11709032,33406
486,122,981188,11708676,31739
487,130,974057,11703197,31199
488,129,974755,11693990,29946
489,126,980610,11694065,31350
490,126,976415,11718865,33819
491,122,976707,11688849,28047
492,128,976238,11707644,31065
493,123,978529,11716075,33107
494,160,977672,11710592,31873
495,122,978484,11699316,31672
496,120,976188,11692597,31368
497,135,976648,11715059,26641
498,122,973261,11700233,32195
499,122,973904,11706395,32566
500,125,975916,11707633,31446
501,129,975510,11711931,33071
502,134,976952,11706697,30812
503,131,979829,11696481,30421
504,123,979932,11708261,32281
505,165,978495,11738526,33741
506,126,975369,11705789,32504
507,125,977439,11710815,32179
508,171,974629,11704412,32668
509,135,975732,11700939,31719
510,122,980005,11713373,32484
511,134,975052,11680434,28350
512,126,978127,11685471,32024
513,128,975800,11691845,30840
514,126,977654,11703329,28393
515,122,974600,11709645,32816
516,122,976161,11701600,32149
517,135,976399,11699828,32774
518,125,977778,11700263,28803
519,124,974872,11694593,33255
520,120,978710,11709817,32846
521,129,977386,11702519,31408
522,139,976974,11697890,32684
523,135,977085,11692254,32435
524,121,976048,11709778,31217
525,122,973032,11700453,31583
526,121,980541,11706556,32318
527,125,974815,11704881,32096
528,130,975202,11681783,31054
529,137,975116,11706496,33345
530,122,973737,11705212,31447
531,167,976667,11699946,33805
532,122,977144,11693168,31776
533,122,974282,11692438,31814
534,122,975087,11692179,32182
535,127,976390,11701904,32846
536,122,974547,11698187,32707
537,121,977605,11697634,32300
538,123,975899,11700962,33539
539,122,974366,11687033,33488
540,122,974929,11716899,31256
541,121,977033,11691400,32071
542,122,975647,11704888,29871
543,122,977644,11693152,32277
544,122,981698,11708140,31854
545,123,973265,11705997,32245
546,124,977135,11706617,28618
547,122,977811,11690533,28485
548,121,981365,11699665,31540
549,124,982102,11713566,31560
550,125,981591,11696391,32374
551,124,976231,11726289,32833
552,166,975178,11692793,33703
553,124,978398,11708730,32072
554,136,980325,11703886,31965
555,125,978145,11711345,31368
556,129,979335,11703634,34605
557,134,976864,11712581,33769
558,122,978485,11701796,31943
559,122,975851,11697059,31645
560,126,978146,11696903,32998
561,124,976377,11707148,32179
562,128,976545,11711103,32026
563,135,975883,11718932,26888
564,124,977606,11696659,31904
565,123,979353,11694905,34244
566,123,980598,11722392,32294
567,136,977491,11706411,31344
568,135,976608,11712158,32388
569,122,979728,11704911,31869
570,121,976933,11695855,32105
571,129,978054,11693328,30274
572,122,974443,11690084,32559
573,122,975797,11701124,33113
574,125,976825,11711857,32760
575,123,973320,11689669,31428
576,125,976102,11697307,31054
577,135,979865,11704054,32020
578,126,977350,11712350,33281
579,122,978309,11713420,33099
580,123,978632,11695225,31483
581,121,974983,11706678,26781
582,187,980298,11710084,32385
583,123,979960,11705755,33453
584,129,975130,11701378,33035
585,120,975478,11698194,31567
586,122,973445,11691391,32333
587,132,974689,11692326,31911
588,125,976736,11703844,30844
589,123,980374,11705514,31790
590,122,977653,11683439,29693
591,165,975772,11708442,32057
592,127,979889,11698263,32612
593,128,975271,11692862,33564
594,128,974356,11692193,30695
595,135,976297,11694737,31289
596,130,975677,11700490,31934
597,120,978059,11708007,33802
598,138,973943,11688981,32541
599,120,977955,11695036,32214
600,122,974026,11693641,32865
601,122,975800,11702549,32599
602,119,977903,11707740,33353
603,123,973961,11703755,33052
604,126,978072,11717597,30656
605,135,976179,11698443,30885
606,130,979675,11711985,31868
607,137,975829,11705874,32640
608,127,982226,11689632,32358
609,131,978364,11713945,26957
610,123,977890,11696728,30545
611,124,979906,11713389,31970
612,123,978778,11736836,31708
613,123,976925,11713121,32624
614,133,976566,11694087,30366
615,130,975757,11694816,31631
616,133,977422,11697660,30284
617,123,975255,11696622,30733
618,138,977175,11699758,31511
619,124,975940,11705628,28840
620,136,978939,11689649,32264
621,131,975999,11706845,32345
622,128,974529,11704928,32682
623,134,977989,11698575,32590
624,123,976001,11705841,32660
625,121,975910,11711847,33394
626,126,977822,11707745,32338
627,136,979815,11715507,31953
628,122,974487,11704950,30993
629,129,974285,11701632,31729
630,128,978203,11712207,32496
631,127,975870,11710807,33183
632,122,977366,11698670,32532
633,121,975573,11719567,31060
634,128,978181,11691413,32294
635,121,973725,11694867,32160
636,136,977014,11710677,29315
637,130,975960,11707733,30456
638,130,978524,11691853,32678
639,129,978569,11692063,30421
640,121,975181,11709422,32812
641,129,976624,11700868,30980
642,123,975521,11712439,32370
643,121,976765,11704972,33446
644,122,975552,11705136,31912
645,122,978324,11701536,31337
646,133,977081,11703242,32054
647,130,975059,11693694,32557
648,122,979327,11714568,32568
649,133,979054,11712225,31472
650,173,974361,11702823,32797
651,136,976768,11728925,30293
652,137,974048,11698585,31917
653,135,978327,11700260,31363
654,127,977528,11701447,30966
655,123,973777,11706961,31480
656,122,976304,11691997,33350
657,124,979058,11719475,35044
658,122,976682,11700051,32723
659,132,979348,11703835,29349
660,136,977643,11707177,29268
661,123,981447,11716179,32969
662,170,977745,11719834,32050
663,122,975622,11702967,31906
664,123,977792,11711410,31841
665,123,975507,11707307,33776
666,126,978882,11703880,32192
667,127,975791,11709563,33743
668,123,979587,11717672,32146
669,122,979454,11694053,32166
670,122,977803,11707707,31291
671,123,979141,11705880,33710
672,121,978661,11701960,32564
673,123,976681,11707634,31924
674,121,979198,11719797,32601
675,125,977730,11704807,30197
676,124,976831,11699765,31650
677,135,976294,11697924,32821
678,122,981051,11696749,31433
679,122,976331,11700210,32353
680,121,978353,11692900,31125
681,123,978665,11694829,31917
682,128,976114,11697000,32558
683,123,975877,11714493,33221
684,124,976156,11685019,32767
685,120,977848,11705535,29209
686,126,974917,11687202,34386
687,122,974900,11702211,32698
688,132,979849,11689298,31828
689,123,973748,11697980,32556
690,125,977008,11689572,31119
691,123,975109,11701685,32952
692,123,976748,11708185,31587
693,128,973356,11694132,32796
694,122,976512,11703744,32993
695,122,974511,11678859,32392
696,122,975872,11709151,31767
697,122,975671,11701406,33315
698,138,975935,11691376,29028
699,130,974797,11704064,33965
700,136,981469,11705929,29633
701,123,978189,11712041,30993
702,127,976495,11703099,27997
703,136,977760,11707243,32737
704,127,976770,11720282,32570
705,123,977372,11700994,32060
706,122,976080,11705237,32260
707,174,976546,11694758,32443
708,123,977754,11709308,32060
709,137,976869,11696693,32602
710,131,973275,11698988,32285
711,135,981071,11709439,33407
712,122,978520,11703703,32841
713,125,974429,11702169,32033
714,123,977878,11708413,32192
715,122,975845,11719818,34519
716,122,977354,11700352,33153
717,136,977159,11700699,31262
718,134,976055,11703160,31721
719,122,977734,11705212,31552
720,122,978174,11687210,28532
721,122,978348,11693429,32237
722,122,975352,11712399,30977
723,122,978197,11705040,32431
724,123,977085,11700541,32083
725,135,976430,11708831,31221
726,134,978422,11713370,30574
727,123,976985,11725414,33840
728,124,975969,11697282,31303
729,124,975041,11688815,32481
730,126,976048,11704909,33272
731,129,975917,11696661,31930
732,135,975146,11707574,32298
733,123,975838,11704243,31385
734,123,975938,11729783,31557
735,122,974796,11704383,32964
736,135,975914,11709982,33257
737,123,976482,11697507,31517
738,122,979701,11705534,34145
739,130,974916,11709527,32339
740,122,977222,11707260,32299
741,123,976100,11712574,31436
742,128,976429,11724220,32162
743,169,977295,11703779,31021
744,122,975815,11703688,33372
745,183,976565,11698986,32559
746,138,975279,11693628,31609
747,123,973240,11683333,31026
748,123,975951,11701889,30173
749,124,976094,11689729,31580
750,122,975310,11700146,31655
751,122,979334,11703034,31479
752,136,978456,11705519,31963
753,123,974960,11701416,32565
754,130,978620,11685400,32125
755,122,978250,11696290,32313
756,121,975853,11692340,27610
757,132,978270,11701553,32000
758,136,976962,11699966,32089
759,131,976430,11699871,28512
760,121,977107,11699326,29169
761,181,975209,11700626,32001
762,124,982530,11711604,32057
763,123,973791,11705711,32818
764,134,976788,11709251,31844
765,137,978600,11708839,30231
766,121,975590,11697369,32464
767,124,979995,11693615,31785
768,131,977062,11698844,33309
769,123,977330,11716445,29625
770,138,975957,11687300,32590
771,121,976770,11698458,33182
772,122,974703,11709476,31397
773,122,978035,11701618,32900
774,135,977134,11701150,34270
775,123,977267,11688974,31432
776,136,975851,11698765,33008
777,121,977784,11705410,34034
778,122,979068,11709188,31830
779,123,975211,11680268,32681
780,127,979330,11700940,31258
781,122,977362,11698830,33823
782,134,981127,11710304,33210
783,127,972982,11693636,30513
784,127,973170,11684974,32591
785,123,980402,11709976,32223
786,126,980863,11689124,32164
787,123,979287,11705935,32417
788,122,976864,11688907,30493
789,120,979792,11710771,30090
790,136,975588,11717655,31490
791,168,976889,11699098,32167
792,122,974876,11700591,31852
793,123,980260,11704261,31724
794,124,977818,11713218,31750
795,121,976461,11708560,30533
796,121,974937,11697662,33867
797,135,974129,11697441,31794
798,144,974832,11702181,32349
799,122,977057,11707285,30300
800,121,975344,11700534,32343
801,122,974703,11694098,34179
802,129,975955,11705115,32566
803,136,974424,11697364,32419
804,122,974131,11690026,31991
805,120,976162,11699653,29592
806,135,975188,11697736,33069
807,153,978675,11696407,32098
808,126,975489,11687141,31277
809,128,978256,11688661,28163
810,135,978348,11705643,31888
811,135,976856,11664026,31730
812,126,975816,11694569,32655
813,129,976438,11698675,32941
814,121,975441,11712455,31705
815,126,976350,11707062,32887
816,125,977067,11696180,27570
817,122,977540,11713523,32707
818,125,976573,11711024,31979
819,123,974920,11717339,31150
820,120,977482,11697627,32059
821,120,977300,11714093,32775
822,134,976676,11679163,33091
823,127,976808,11715367,31304
824,128,973467,11704306,30089
825,121,978436,11707997,32696
826,135,976354,11690546,32861
827,123,975105,11699643,30158
828,129,977296,11710954,31634
829,121,977059,11693784,31146
830,130,982119,11712790,33413
831,122,981205,11698341,32188
832,128,974215,11721670,27766
833,122,975669,11698565,32235
834,159,975101,11686939,31810
835,125,978396,11682670,33867
836,121,977169,11704269,30924
837,133,977201,11691579,31990
838,131,974870,11711109,32060
839,129,975270,11709331,34293
840,122,976730,11710724,31237
841,122,977483,11706575,32131
842,122,979680,11712464,31901
843,123,978655,11693128,32726
844,123,976511,11712557,32951
845,123,976172,11693742,31982
846,170,975529,11700716,31736
847,128,976862,11705748,33515
848,128,976788,11702502,32741
849,121,974666,11705417,28059
850,175,978275,11700583,27775
851,121,976760,11695448,32685
852,123,981706,11706008,31562
853,121,978643,11703678,32379
854,135,985227,11699494,31882
855,122,977834,11698466,33171
856,131,973308,11696852,33723
857,127,975871,11705554,32575
858,128,973080,11670981,27849
859,121,976716,11700872,30832
860,119,974537,11700038,30166
861,123,976577,11679185,31833
862,134,974692,11699996,31086
863,135,977577,11678921,32955
864,124,979703,11683398,31133
865,118,976631,11701522,32358
866,126,974533,11709145,32130
867,127,977448,11701174,31250
868,122,978562,11698970,27839
869,121,974502,11689565,31895
870,132,981010,11690271,31679
871,137,981331,11704782,32147
872,122,975551,11693927,31895
873,121,980636,11709331,31917
874,123,975615,11703355,31933
875,122,976239,11706942,32726
876,122,976118,11707612,32703
877,120,979596,11704803,30713
878,137,976235,11704327,33311
879,137,981584,11686246,31728
880,122,975340,11691131,31714
881,134,976660,11705629,32370
882,122,977719,11706539,33255
883,169,973200,11699759,31750
884,121,975103,11697978,32397
885,123,975514,11710040,33030
886,122,978033,11712395,29429
887,130,976365,11700073,29716
888,142,976691,11708901,31657
889,122,980064,11699651,32128
890,136,976452,11707683,31770
891,126,976587,11699565,31717
892,134,977866,11692218,32332
893,124,973666,11699928,32487
894,128,979021,11711237,33258
895,127,980473,11715345,31063
896,127,978114,11706096,32549
897,129,976703,11713377,32704
898,123,981499,11719018,31062
899,122,978697,11718283,31735
900,121,976613,11708051,29987
901,124,977483,11718393,31775
902,134,979332,11695983,30188
903,121,979671,11709856,32132
904,140,978292,11703070,31698
905,124,976123,11709080,33072
906,190,976554,11701786,34149
907,120,978216,11709150,31954
908,122,977443,11698609,32845
909,127,976466,11710715,33034
910,122,975293,11704338,29779
911,126,977768,11707845,32540
912,135,977150,11703298,32127
913,129,975573,11700472,32519
914,129,977668,11700809,32960
915,162,974079,11710705,32749
916,123,976035,11690876,32926
917,123,979402,11702767,31660
918,123,974891,11691787,32015
919,125,975179,11683869,30869
920,123,975387,11697468,30792
921,124,974012,11701475,31350
922,121,975627,11693715,32047
923,123,976974,11702846,31086
924,123,978364,11710230,31199
925,116,976787,11682764,31086
926,116,974867,11711183,32032
927,123,979524,11702961,31636
928,121,973897,11701228,34195
929,122,974874,11709165,32131
930,135,980961,11710495,33099
931,131,975992,11705288,28238
932,125,975026,11708121,32408
933,120,978000,11707160,31527
934,121,978083,11695748,33459
935,126,976541,11692707,32526
936,135,976607,11705235,34642
937,127,975732,11696965,32794
938,128,974463,11714583,26873
939,127,976226,11700491,31642
940,122,976109,11705129,32055
941,129,975890,11707249,31287
942,126,978431,11704079,29100
943,121,977708,11695826,31648
944,121,977183,11718589,32070
945,129,979638,11705874,33036
946,122,977497,11718906,31118
947,126,978187,11715715,33997
948,122,975897,11706232,33162
949,121,974771,11707128,31863
950,172,976105,11699584,32648
951,123,974855,11716250,31920
952,115,977901,11701263,33646
953,117,978390,11702669,33026
954,129,978995,11703472,31769
955,125,978919,11713558,33413
956,119,979474,11682115,32648
957,177,977386,11715018,29915
958,128,972983,11714424,28356
959,122,977812,11697851,31156
960,121,973949,11696527,32972
961,135,976659,11709438,33069
962,130,975540,11699482,31031
963,123,977215,11709356,32525
964,133,976069,11706579,30704
965,131,977456,11703569,32058
966,130,976718,11703138,32556
967,121,976026,11679203,32671
968,124,982230,11711539,32267
969,129,981021,11707666,31916
970,123,977067,11707336,32839
971,135,977016,11684898,29241
972,122,975831,11692594,32587
973,124,979109,11713851,31599
974,128,976550,11715588,32022
975,137,976824,11700800,30034
976,122,978092,11693026,31874
977,122,978036,11706344,30934
978,123,978094,11704960,31794
979,122,976173,11716426,31956
980,122,977875,11684423,32448
981,129,979691,11687680,32306
982,129,977598,11702033,32537
983,121,977197,11693176,32266
984,177,976263,11684549,31560
985,121,979231,11720115,31672
986,128,977670,11701672,32183
987,130,975845,11698862,32331
988,126,978551,11702889,28931
989,122,974838,11702099,33200
990,129,980137,11702969,31099
991,135,976856,11702194,27935
992,128,975650,11675888,31984
993,120,978098,11715252,28714
994,122,976202,11702989,32415
995,122,979960,11712798,31830
996,128,976203,11712483,30156
997,136,977785,11675512,26557
998,128,977009,11708405,32557
999,126,975513,11705973,32922
1000,122,979052,11712375,28441
